sitename,start_gpp,end_gpp,year_start_gpp,year_end_gpp,nyears_gpp,drop_gpp,start_le,end_le,year_start_le,year_end_le,nyears_le,drop_le,start_lecorr,end_lecorr,year_start_lecorr,year_end_lecorr,nyears_lecorr,drop_lecorr
AR-SLu,2010-01-01,2010-12-31,2010,2010,1,FALSE,2010-01-01,2010-12-31,2010,2010,1,FALSE,2010-01-01,2010-12-31,2010,2010,1,FALSE
AR-TF1,2016-01-31,2018-05-17,2017,2017,1,FALSE,2016-01-31,2018-05-17,2017,2017,1,FALSE,NA,NA,NA,NA,0,TRUE
AT-Neu,2002-01-01,2012-12-30,2002,2012,11,FALSE,2002-01-01,2012-12-30,2002,2012,11,FALSE,2002-01-01,2012-12-30,2002,2012,11,FALSE
AU-ASM,2011-10-15,2017-12-12,2012,2016,5,FALSE,2011-01-09,2017-12-12,2012,2016,5,FALSE,2011-01-09,2017-12-12,2012,2016,5,FALSE
AU-Cow,2010-01-01,2015-12-19,2010,2014,5,FALSE,2010-01-01,2015-12-29,2010,2014,5,FALSE,2011-06-21,2015-12-29,2012,2014,3,FALSE
AU-Cpr,2014-04-24,2017-12-30,2015,2016,2,FALSE,2014-04-23,2017-12-30,2015,2016,2,FALSE,2014-04-23,2017-12-30,2015,2016,2,FALSE
AU-Ctr,2010-01-01,2013-12-22,2010,2012,3,FALSE,2010-01-01,2013-12-22,2010,2012,3,FALSE,2015-12-18,2017-11-30,2016,2016,1,FALSE
AU-Cum,2013-01-01,2018-12-30,2013,2017,5,FALSE,2013-01-01,2018-12-30,2013,2017,5,FALSE,2013-11-02,2018-12-30,2014,2017,4,FALSE
AU-DaP,2009-01-04,2011-12-14,2010,2010,1,FALSE,2009-01-01,2011-12-14,2009,2010,2,FALSE,2009-01-01,2011-12-14,2009,2010,2,FALSE
AU-DaS,2011-04-09,2017-12-30,2012,2016,5,FALSE,2011-04-08,2017-12-30,2012,2016,5,FALSE,2012-12-18,2017-12-30,2013,2016,4,FALSE
AU-Dry,2011-06-26,2015-12-22,2012,2014,3,FALSE,2011-02-03,2015-12-25,2012,2014,3,FALSE,2011-02-03,2015-12-25,2012,2014,3,FALSE
AU-Emr,2012-01-01,2013-12-30,2012,2012,1,FALSE,2012-01-01,2013-12-30,2012,2012,1,FALSE,2012-01-01,2013-12-30,2012,2012,1,FALSE
AU-GWW,2013-01-01,2017-12-30,2013,2016,4,FALSE,2013-01-01,2017-12-30,2013,2016,4,FALSE,2013-01-01,2017-12-30,2013,2016,4,FALSE
AU-Gin,2012-01-01,2017-12-30,2012,2016,5,FALSE,2012-01-01,2017-12-30,2012,2016,5,FALSE,2012-01-01,2017-12-30,2012,2016,5,FALSE
AU-How,2008-02-02,2017-12-30,2009,2016,8,FALSE,2008-02-02,2017-12-30,2009,2016,8,FALSE,2008-02-02,2017-12-30,2009,2016,8,FALSE
AU-Lit,2016-01-01,2017-12-30,2016,2016,1,FALSE,2016-01-01,2017-12-30,2016,2016,1,FALSE,2016-01-01,2017-12-30,2016,2016,1,FALSE
AU-Otw,2009-01-01,2010-12-30,2009,2009,1,FALSE,2009-01-01,2010-12-30,2009,2009,1,FALSE,2009-01-01,2010-12-30,2009,2009,1,FALSE
AU-Rig,2013-08-27,2016-12-30,2014,2016,3,FALSE,2013-08-27,2016-12-30,2014,2016,3,FALSE,2013-09-12,2016-12-30,2014,2016,3,FALSE
AU-Rob,2014-01-01,2017-12-30,2014,2016,3,FALSE,2014-01-01,2017-12-30,2014,2016,3,FALSE,2014-12-17,2017-12-30,2015,2016,2,FALSE
AU-Sam,2013-07-12,2017-12-30,2014,2016,3,FALSE,2011-05-17,2017-12-30,2012,2016,5,FALSE,2011-05-17,2017-12-30,2012,2016,5,FALSE
AU-Stp,2010-01-05,2017-11-01,2011,2016,6,FALSE,2010-01-01,2017-12-30,2010,2016,7,FALSE,2014-12-18,2016-01-14,2015,2015,1,FALSE
AU-TTE,2015-01-13,2017-12-12,2016,2016,1,FALSE,2013-01-06,2017-12-12,2014,2016,3,FALSE,2013-01-06,2017-12-12,2014,2016,3,FALSE
AU-Tum,2010-09-11,2017-12-30,2011,2016,6,FALSE,2010-09-11,2017-12-30,2011,2016,6,FALSE,2010-09-11,2017-12-30,2011,2016,6,FALSE
AU-Whr,2015-01-01,2016-12-30,2015,2016,2,FALSE,2015-01-01,2016-12-30,2015,2016,2,FALSE,2015-08-13,2016-12-30,2016,2016,1,FALSE
AU-Wrr,2016-01-01,2017-12-30,2016,2016,1,FALSE,2016-01-01,2017-12-30,2016,2016,1,FALSE,2016-01-01,2017-12-30,2016,2016,1,FALSE
AU-Ync,2011-10-15,2017-12-12,2012,2016,5,FALSE,2011-01-09,2017-12-12,2012,2016,5,FALSE,2011-01-09,2017-12-12,2012,2016,5,FALSE
BE-Bra,2009-01-04,2020-12-30,2010,2020,11,FALSE,2004-01-01,2020-12-30,2004,2020,17,FALSE,2004-01-01,2017-02-03,2004,2016,13,FALSE
BE-Dor,2011-01-01,2020-12-30,2011,2020,10,FALSE,2015-01-06,2018-07-19,2016,2017,2,FALSE,NA,NA,NA,NA,0,TRUE
BE-Lcr,2019-01-01,2020-12-30,2019,2020,2,FALSE,2019-01-01,2020-12-30,2019,2020,2,FALSE,NA,NA,NA,NA,0,TRUE
BE-Lon,2004-04-01,2020-12-30,2005,2020,16,FALSE,2004-04-01,2020-12-30,2005,2020,16,FALSE,2004-04-01,2019-12-12,2005,2018,14,FALSE
BE-Maa,2016-01-01,2020-12-30,2016,2020,5,FALSE,2016-01-01,2020-12-30,2016,2020,5,FALSE,NA,NA,NA,NA,0,TRUE
BE-Vie,1996-08-01,2020-12-30,1997,2020,24,FALSE,1996-08-01,2009-03-24,1997,2008,12,FALSE,1996-08-01,2009-03-24,1997,2008,12,FALSE
BR-CST,2014-06-14,2015-07-31,2015,2014,0,TRUE,2014-06-14,2015-07-31,2015,2014,0,TRUE,NA,NA,NA,NA,0,TRUE
BR-Npw,2015-01-17,2017-06-30,2016,2016,1,FALSE,2015-01-17,2017-06-30,2016,2016,1,FALSE,NA,NA,NA,NA,0,TRUE
BR-Sa3,2001-01-01,2003-12-17,2001,2002,2,FALSE,2001-01-01,2003-12-17,2001,2002,2,FALSE,2001-01-01,2003-12-17,2001,2002,2,FALSE
BW-Ma1,2000-01-14,2000-12-30,2001,2000,0,TRUE,2000-01-01,2000-12-30,2000,2000,1,FALSE,2000-01-01,2000-12-30,2000,2000,1,FALSE
CA-ARB,2011-03-29,2015-12-22,2012,2014,3,FALSE,2011-03-27,2015-12-22,2012,2014,3,FALSE,NA,NA,NA,NA,0,TRUE
CA-ARF,2011-03-30,2015-12-30,2012,2014,3,FALSE,2011-03-29,2015-12-30,2012,2014,3,FALSE,NA,NA,NA,NA,0,TRUE
CA-Ca1,1997-12-09,2010-12-30,1998,2009,12,FALSE,1997-10-13,2010-12-30,1998,2009,12,FALSE,1997-10-13,2010-12-30,1998,2009,12,FALSE
CA-Ca2,2000-07-27,2010-12-30,2001,2009,9,FALSE,2000-07-27,2010-12-30,2001,2009,9,FALSE,2000-07-27,2010-12-30,2001,2009,9,FALSE
CA-Cbo,2008-02-12,2020-12-30,2009,2020,12,FALSE,2005-04-14,2020-12-30,2006,2020,15,FALSE,2005-04-14,2020-12-30,2006,2020,15,FALSE
CA-DB2,2019-11-22,2020-12-30,2020,2020,1,FALSE,2019-11-19,2020-12-30,2020,2020,1,FALSE,2019-11-19,2020-12-30,2020,2020,1,FALSE
CA-DBB,2016-02-14,2020-12-30,2017,2020,4,FALSE,2016-02-14,2020-12-30,2017,2020,4,FALSE,2016-02-14,2020-12-30,2017,2020,4,FALSE
CA-ER1,2015-06-18,2020-12-30,2016,2020,5,FALSE,2015-06-17,2020-12-30,2016,2020,5,FALSE,NA,NA,NA,NA,0,TRUE
CA-Gro,2003-08-28,2014-05-17,2004,2013,10,FALSE,2003-08-25,2014-05-17,2004,2013,10,FALSE,2003-08-25,2014-05-17,2004,2013,10,FALSE
CA-LP1,2007-05-04,2012-10-25,2008,2011,4,FALSE,2007-05-04,2012-10-25,2008,2011,4,FALSE,2007-05-04,2012-10-25,2008,2011,4,FALSE
CA-MA1,2009-05-23,2010-10-13,2010,2009,0,TRUE,2009-05-23,2010-10-13,2010,2009,0,TRUE,NA,NA,NA,NA,0,TRUE
CA-MA2,2009-05-15,2010-01-09,2010,2009,0,TRUE,2011-04-01,2011-11-29,2012,2010,-1,TRUE,2011-04-01,2011-11-29,2012,2010,-1,TRUE
CA-MA3,2011-04-05,2011-11-29,2012,2010,-1,TRUE,2011-04-01,2011-11-29,2012,2010,-1,TRUE,2011-04-01,2011-11-29,2012,2010,-1,TRUE
CA-NS1,2002-06-26,2005-09-26,2003,2004,2,FALSE,2002-06-26,2005-09-26,2003,2004,2,FALSE,NA,NA,NA,NA,0,TRUE
CA-NS2,2001-07-25,2004-11-14,2002,2003,2,FALSE,2001-07-25,2004-11-14,2002,2003,2,FALSE,NA,NA,NA,NA,0,TRUE
CA-NS3,2001-07-25,2005-09-23,2002,2004,3,FALSE,2001-07-25,2005-09-23,2002,2004,3,FALSE,NA,NA,NA,NA,0,TRUE
CA-NS4,2004-05-04,2005-09-27,2005,2004,0,TRUE,2003-01-01,2005-09-27,2003,2004,2,FALSE,NA,NA,NA,NA,0,TRUE
CA-NS5,2003-04-02,2005-09-24,2004,2004,1,FALSE,2003-04-01,2005-09-24,2004,2004,1,FALSE,NA,NA,NA,NA,0,TRUE
CA-NS6,2001-10-01,2005-09-22,2002,2004,3,FALSE,2001-10-01,2005-09-22,2002,2004,3,FALSE,NA,NA,NA,NA,0,TRUE
CA-NS7,2002-06-23,2005-09-29,2003,2004,2,FALSE,2002-06-22,2005-09-29,2003,2004,2,FALSE,NA,NA,NA,NA,0,TRUE
CA-Qcu,2002-02-18,2006-12-30,2003,2005,3,FALSE,2002-01-23,2006-12-30,2003,2005,3,FALSE,2002-01-23,2006-12-30,2003,2005,3,FALSE
CA-Qfo,2003-08-27,2010-12-30,2004,2009,6,FALSE,2003-08-27,2010-12-30,2004,2009,6,FALSE,2003-08-27,2010-12-30,2004,2009,6,FALSE
CA-SF1,2005-04-08,2005-09-21,2006,2004,-1,TRUE,2003-07-17,2006-11-18,2004,2005,2,FALSE,2003-07-17,2006-11-18,2004,2005,2,FALSE
CA-SF2,2005-04-08,2005-09-20,2006,2004,-1,TRUE,2002-04-10,2005-10-26,2003,2004,2,FALSE,2002-04-10,2005-10-26,2003,2004,2,FALSE
CA-SF3,2003-04-09,2003-09-22,2004,2002,-1,TRUE,2003-01-01,2005-12-30,2003,2004,2,FALSE,2003-01-01,2005-12-30,2003,2004,2,FALSE
CA-TP1,2008-05-01,2014-04-09,2009,2013,5,FALSE,2008-04-30,2014-04-10,2009,2013,5,FALSE,2008-04-30,2014-04-10,2009,2013,5,FALSE
CA-TP3,2007-03-28,2017-12-30,2008,2016,9,FALSE,2007-03-28,2017-12-30,2008,2016,9,FALSE,2007-03-28,2017-12-30,2008,2016,9,FALSE
CA-TPD,2012-01-01,2017-12-30,2012,2016,5,FALSE,2012-01-01,2017-12-30,2012,2016,5,FALSE,2012-01-01,2017-12-30,2012,2016,5,FALSE
CH-Aws,2014-05-20,2020-12-30,2015,2020,6,FALSE,2014-05-20,2020-12-30,2015,2020,6,FALSE,2011-04-18,2011-11-04,2012,2010,-1,TRUE
CH-Cha,2009-08-14,2020-12-30,2010,2020,11,FALSE,2009-08-16,2020-12-30,2010,2020,11,FALSE,2009-08-16,2020-12-30,2010,2020,11,FALSE
CH-Dav,1997-01-01,2020-12-30,1997,2020,24,FALSE,1997-01-01,2020-12-30,1997,2020,24,FALSE,1997-01-01,2013-09-27,1997,2012,16,FALSE
CH-Fru,2010-03-05,2020-12-30,2011,2020,10,FALSE,2010-03-05,2020-12-30,2011,2020,10,FALSE,2010-03-05,2015-01-27,2011,2014,4,FALSE
CH-Lae,2004-03-31,2020-12-19,2005,2019,15,FALSE,2004-03-31,2020-12-24,2005,2019,15,FALSE,NA,NA,NA,NA,0,TRUE
CH-Oe1,2002-01-28,2008-12-30,2003,2008,6,FALSE,2002-01-26,2008-12-30,2003,2008,6,FALSE,NA,NA,NA,NA,0,TRUE
CH-Oe2,2004-01-07,2020-12-30,2005,2020,16,FALSE,2004-01-01,2020-12-30,2004,2020,17,FALSE,NA,NA,NA,NA,0,TRUE
CN-Cha,2003-01-01,2005-12-30,2003,2004,2,FALSE,2003-01-01,2005-12-30,2003,2004,2,FALSE,NA,NA,NA,NA,0,TRUE
CN-Cng,2008-01-01,2009-12-30,2008,2008,1,FALSE,2008-01-01,2009-12-31,2008,2009,2,FALSE,2008-01-01,2009-12-31,2008,2009,2,FALSE
CN-Dan,2004-01-05,2005-12-30,2005,2004,0,TRUE,2004-01-05,2005-12-30,2005,2004,0,TRUE,NA,NA,NA,NA,0,TRUE
CN-Din,2003-01-01,2005-12-30,2003,2004,2,FALSE,2003-01-01,2005-12-30,2003,2004,2,FALSE,NA,NA,NA,NA,0,TRUE
CN-Du2,2007-01-01,2008-12-30,2007,2008,2,FALSE,2007-01-01,2008-12-30,2007,2008,2,FALSE,2007-01-01,2008-10-23,2007,2007,1,FALSE
CN-HaM,2002-01-08,2003-12-30,2003,2002,0,TRUE,2002-01-08,2003-12-30,2003,2002,0,TRUE,2002-01-08,2003-12-30,2003,2002,0,TRUE
CN-Qia,2003-01-01,2005-12-30,2003,2004,2,FALSE,2003-01-01,2005-12-31,2003,2005,3,FALSE,NA,NA,NA,NA,0,TRUE
CZ-BK1,2004-01-01,2020-12-26,2004,2019,16,FALSE,2004-01-08,2020-12-30,2005,2020,16,FALSE,2013-09-19,2020-12-30,2014,2020,7,FALSE
CZ-KrP,2014-01-01,2020-12-30,2014,2020,7,FALSE,2014-01-01,2020-12-30,2014,2020,7,FALSE,2014-02-27,2020-12-30,2015,2020,6,FALSE
CZ-Lnz,2015-01-01,2020-12-30,2015,2020,6,FALSE,2015-01-01,2020-12-30,2015,2020,6,FALSE,NA,NA,NA,NA,0,TRUE
CZ-RAJ,2012-01-01,2020-12-30,2012,2020,9,FALSE,2012-01-01,2020-12-30,2012,2020,9,FALSE,2014-01-28,2020-12-30,2015,2020,6,FALSE
CZ-Stn,2010-01-01,2020-12-30,2010,2020,11,FALSE,2010-01-01,2020-12-30,2010,2020,11,FALSE,NA,NA,NA,NA,0,TRUE
CZ-wet,2006-04-29,2020-12-30,2007,2020,14,FALSE,2006-04-28,2020-12-30,2007,2020,14,FALSE,2009-03-28,2020-12-30,2010,2020,11,FALSE
DE-Akm,2012-04-19,2014-09-20,2013,2013,1,FALSE,2012-04-19,2014-09-21,2013,2013,1,FALSE,NA,NA,NA,NA,0,TRUE
DE-Bay,1997-05-23,1999-12-15,1998,1998,1,FALSE,1997-01-06,1999-12-24,1998,1998,1,FALSE,1997-05-17,1999-12-24,1998,1998,1,FALSE
DE-Geb,2001-01-15,2020-12-30,2002,2020,19,FALSE,2001-01-15,2020-12-30,2002,2020,19,FALSE,2001-01-15,2020-12-30,2002,2020,19,FALSE
DE-Gri,2004-01-05,2020-01-07,2005,2019,15,FALSE,2004-01-05,2020-12-30,2005,2020,16,FALSE,2004-01-05,2020-12-30,2005,2020,16,FALSE
DE-Hai,2000-01-01,2020-12-22,2000,2019,20,FALSE,2010-04-01,2020-12-22,2011,2019,9,FALSE,2010-04-01,2020-12-22,2011,2019,9,FALSE
DE-HoH,2015-01-01,2020-12-30,2015,2020,6,FALSE,2015-01-01,2020-12-31,2015,2020,6,FALSE,2015-01-01,2020-12-31,2015,2020,6,FALSE
DE-Hte,2014-05-03,2018-12-02,2015,2017,3,FALSE,NA,NA,NA,NA,0,TRUE,NA,NA,NA,NA,0,TRUE
DE-Hzd,2011-03-01,2015-10-23,2012,2014,3,FALSE,2011-03-01,2015-10-27,2012,2014,3,FALSE,2011-03-01,2015-10-27,2012,2014,3,FALSE
DE-Kli,2009-05-15,2020-12-30,2010,2020,11,FALSE,2009-05-15,2020-12-30,2010,2020,11,FALSE,2009-05-15,2020-12-30,2010,2020,11,FALSE
DE-Obe,2008-01-25,2020-12-30,2009,2020,12,FALSE,2008-01-24,2020-12-30,2009,2020,12,FALSE,2008-01-24,2020-12-30,2009,2020,12,FALSE
DE-RuR,2011-05-13,2020-12-30,2012,2020,9,FALSE,2011-05-13,2020-12-30,2012,2020,9,FALSE,2011-05-13,2020-12-30,2012,2020,9,FALSE
DE-RuS,2012-04-28,2020-12-30,2013,2020,8,FALSE,2012-04-28,2020-12-30,2013,2020,8,FALSE,2012-04-28,2020-12-30,2013,2020,8,FALSE
DE-RuW,2012-01-10,2020-12-30,2013,2020,8,FALSE,2012-01-08,2020-12-30,2013,2020,8,FALSE,NA,NA,NA,NA,0,TRUE
DE-Seh,2008-01-08,2010-10-14,2009,2009,1,FALSE,2008-01-08,2010-10-14,2009,2009,1,FALSE,2008-01-08,2010-10-14,2009,2009,1,FALSE
DE-SfN,2013-01-01,2014-12-30,2013,2013,1,FALSE,2013-01-01,2014-12-30,2013,2013,1,FALSE,2013-01-01,2014-12-30,2013,2013,1,FALSE
DE-Tha,1996-06-29,2020-12-04,1997,2019,23,FALSE,1996-06-29,2020-12-04,1997,2019,23,FALSE,1996-06-29,2020-12-04,1997,2019,23,FALSE
DE-Wet,2003-02-13,2006-11-27,2004,2005,2,FALSE,2002-01-02,2006-12-30,2003,2005,3,FALSE,2002-01-02,2006-12-30,2003,2005,3,FALSE
DK-Fou,2005-01-27,2005-10-13,2006,2004,-1,TRUE,2005-01-26,2005-10-13,2006,2004,-1,TRUE,2005-01-26,2005-10-13,2006,2004,-1,TRUE
DK-Gds,2020-07-09,2020-12-16,2021,2019,-1,TRUE,2020-07-09,2020-12-30,2021,2020,0,TRUE,NA,NA,NA,NA,0,TRUE
DK-Lva,2005-01-01,2006-12-30,2005,2005,1,FALSE,2005-01-01,2006-12-30,2005,2005,1,FALSE,2005-01-01,2005-07-12,2005,2004,0,TRUE
DK-Ris,2004-01-01,2005-12-30,2004,2004,1,FALSE,2004-01-01,2005-12-31,2004,2005,2,FALSE,NA,NA,NA,NA,0,TRUE
DK-Sor,1996-06-01,2013-12-05,1997,2012,16,FALSE,1996-06-01,2013-12-05,1997,2012,16,FALSE,2001-04-05,2013-12-05,2002,2012,11,FALSE
DK-ZaH,2008-03-26,2008-11-01,2009,2007,-1,TRUE,2008-03-20,2008-11-01,2009,2007,-1,TRUE,NA,NA,NA,NA,0,TRUE
ES-Abr,2015-11-04,2020-12-30,2016,2020,5,FALSE,2015-11-04,2020-12-30,2016,2020,5,FALSE,2015-11-04,2020-12-30,2016,2020,5,FALSE
ES-Agu,2006-06-02,2014-04-14,2007,2013,7,FALSE,2006-06-02,2015-09-01,2007,2014,8,FALSE,2006-06-02,2015-09-01,2007,2014,8,FALSE
ES-Cnd,2014-11-26,2020-12-30,2015,2020,6,FALSE,2014-11-26,2020-12-30,2015,2020,6,FALSE,2014-11-26,2020-12-30,2015,2020,6,FALSE
ES-ES1,2002-01-12,2004-09-17,2003,2003,1,FALSE,1999-01-01,2006-12-30,1999,2005,7,FALSE,2002-06-04,2005-10-20,2003,2004,2,FALSE
ES-ES2,2005-01-01,2006-12-30,2005,2005,1,FALSE,2005-01-01,2006-12-31,2005,2006,2,FALSE,2005-01-01,2006-12-30,2005,2005,1,FALSE
ES-LJu,2005-06-17,2016-12-02,2006,2015,10,FALSE,2004-05-23,2016-12-03,2005,2015,11,FALSE,2004-05-23,2016-12-03,2005,2015,11,FALSE
ES-LM1,2014-03-14,2020-12-30,2015,2020,6,FALSE,2014-03-14,2020-12-30,2015,2020,6,FALSE,2014-03-14,2020-12-30,2015,2020,6,FALSE
ES-LM2,2014-03-14,2020-12-30,2015,2020,6,FALSE,2014-03-14,2020-12-30,2015,2020,6,FALSE,2014-03-14,2020-12-30,2015,2020,6,FALSE
ES-LMa,2004-02-14,2006-10-30,2005,2005,1,FALSE,2004-01-08,2006-12-30,2005,2005,1,FALSE,2004-01-08,2006-12-30,2005,2005,1,FALSE
ES-LgS,2007-01-01,2007-12-31,2007,2007,1,FALSE,2007-01-01,2007-12-30,2007,2006,0,TRUE,2007-01-01,2007-12-30,2007,2006,0,TRUE
ES-VDA,2004-01-05,2004-12-30,2005,2004,0,TRUE,2004-01-01,2004-12-30,2004,2004,1,FALSE,2004-01-01,2004-12-30,2004,2004,1,FALSE
FI-Hyy,1996-06-13,2017-12-19,1997,2016,20,FALSE,1996-04-11,2020-12-30,1997,2020,24,FALSE,2002-12-09,2019-10-25,2003,2018,16,FALSE
FI-Kaa,2000-03-05,2002-12-07,2001,2001,1,FALSE,2000-01-01,2002-12-21,2000,2001,2,FALSE,NA,NA,NA,NA,0,TRUE
FI-Ken,2018-01-01,2020-12-30,2018,2020,3,FALSE,2018-01-01,2020-12-30,2018,2020,3,FALSE,NA,NA,NA,NA,0,TRUE
FI-Let,2009-09-03,2020-12-30,2010,2020,11,FALSE,2009-09-03,2020-12-30,2010,2020,11,FALSE,2009-09-03,2020-12-30,2010,2020,11,FALSE
FI-Lom,2007-01-01,2009-12-30,2007,2008,2,FALSE,2007-01-01,2009-12-30,2007,2008,2,FALSE,2007-01-01,2009-12-30,2007,2008,2,FALSE
FI-Qvd,2018-05-04,2020-12-30,2019,2020,2,FALSE,2018-05-04,2020-12-30,2019,2020,2,FALSE,NA,NA,NA,NA,0,TRUE
FI-Sii,2016-02-25,2020-12-30,2017,2020,4,FALSE,2016-02-25,2020-12-30,2017,2020,4,FALSE,NA,NA,NA,NA,0,TRUE
FI-Sod,2008-01-01,2014-12-30,2008,2013,6,FALSE,2008-01-01,2014-12-30,2008,2013,6,FALSE,2008-01-01,2010-11-07,2008,2009,2,FALSE
FI-Var,2016-01-01,2020-12-30,2016,2020,5,FALSE,2016-01-01,2020-12-31,2016,2020,5,FALSE,2016-01-01,2020-12-31,2016,2020,5,FALSE
FR-Aur,2005-03-12,2020-12-30,2006,2020,15,FALSE,2005-03-11,2020-12-30,2006,2020,15,FALSE,2005-03-11,2020-12-30,2006,2020,15,FALSE
FR-Bil,2014-07-12,2020-12-30,2015,2020,6,FALSE,2014-07-11,2020-12-30,2015,2020,6,FALSE,2014-07-11,2020-12-30,2015,2020,6,FALSE
FR-EM2,2017-01-01,2018-12-30,2017,2017,1,FALSE,NA,NA,NA,NA,0,TRUE,NA,NA,NA,NA,0,TRUE
FR-FBn,2008-01-11,2020-12-30,2009,2020,12,FALSE,2008-01-11,2020-12-30,2009,2020,12,FALSE,NA,NA,NA,NA,0,TRUE
FR-Fon,2005-03-10,2014-02-21,2006,2013,8,FALSE,2005-03-10,2014-02-21,2006,2013,8,FALSE,NA,NA,NA,NA,0,TRUE
FR-Gri,2004-05-12,2018-02-08,2005,2017,13,FALSE,2004-05-11,2018-02-08,2005,2017,13,FALSE,2004-05-11,2018-02-08,2005,2017,13,FALSE
FR-Hes,2003-01-07,2006-12-28,2004,2005,2,FALSE,2000-04-17,2006-12-30,2001,2005,5,FALSE,2000-04-17,2006-12-30,2001,2005,5,FALSE
FR-LBr,2003-01-01,2008-12-30,2003,2008,6,FALSE,2003-01-01,2008-12-30,2003,2008,6,FALSE,2003-01-01,2008-12-30,2003,2008,6,FALSE
FR-LGt,2017-01-26,2020-12-12,2018,2019,2,FALSE,2017-01-26,2020-12-16,2018,2019,2,FALSE,NA,NA,NA,NA,0,TRUE
FR-Lam,2005-03-12,2017-02-18,2006,2016,11,FALSE,2005-03-11,2017-02-18,2006,2016,11,FALSE,2005-03-11,2017-02-18,2006,2016,11,FALSE
FR-Lq1,2004-01-08,2006-12-22,2005,2005,1,FALSE,2004-01-01,2006-12-30,2004,2005,2,FALSE,2004-01-01,2006-01-14,2004,2005,2,FALSE
FR-Lq2,2004-02-06,2006-12-17,2005,2005,1,FALSE,2004-01-01,2006-12-30,2004,2005,2,FALSE,2004-01-01,2006-01-14,2004,2005,2,FALSE
FR-Pue,2000-07-22,2014-12-30,2001,2013,13,FALSE,2000-07-22,2014-12-30,2001,2013,13,FALSE,2003-05-28,2014-02-06,2004,2013,10,FALSE
FR-Tou,2018-01-01,2020-12-30,2018,2020,3,FALSE,2018-01-01,2020-12-31,2018,2020,3,FALSE,2018-01-01,2020-12-31,2018,2020,3,FALSE
GF-Guy,2004-01-01,2020-12-25,2004,2019,16,FALSE,2004-01-01,2020-12-26,2004,2019,16,FALSE,NA,NA,NA,NA,0,TRUE
GL-Dsk,2020-01-01,2020-12-30,2020,2020,1,FALSE,2020-01-01,2020-12-31,2020,2020,1,FALSE,NA,NA,NA,NA,0,TRUE
HU-Bug,2003-03-31,2005-06-16,2004,2004,1,FALSE,2003-01-01,2006-12-30,2003,2005,3,FALSE,2003-01-01,2006-12-30,2003,2005,3,FALSE
ID-Pag,2003-05-23,2003-12-24,2004,2002,-1,TRUE,2002-01-01,2003-12-30,2002,2002,1,FALSE,NA,NA,NA,NA,0,TRUE
IE-Ca1,2004-01-07,2006-12-15,2005,2005,1,FALSE,2004-01-01,2006-12-30,2004,2005,2,FALSE,2004-01-01,2006-12-30,2004,2005,2,FALSE
IE-Cra,2020-01-01,2020-12-31,2020,2020,1,FALSE,2020-01-01,2020-12-31,2020,2020,1,FALSE,2020-01-01,2020-12-31,2020,2020,1,FALSE
IE-Dri,2003-03-08,2004-10-20,2004,2003,0,TRUE,2003-01-01,2005-09-05,2003,2004,2,FALSE,2003-01-01,2005-09-05,2003,2004,2,FALSE
IL-Yat,2011-09-23,2020-12-30,2012,2020,9,FALSE,2011-09-22,2020-12-30,2012,2020,9,FALSE,2011-09-22,2020-12-30,2012,2020,9,FALSE
IT-Amp,2003-01-01,2006-12-21,2003,2005,3,FALSE,2003-01-01,2006-12-28,2003,2005,3,FALSE,2003-01-01,2006-12-28,2003,2005,3,FALSE
IT-BCi,2004-05-01,2020-12-30,2005,2020,16,FALSE,2004-05-01,2020-12-30,2005,2020,16,FALSE,2004-05-01,2012-11-23,2005,2011,7,FALSE
IT-BFt,2019-01-01,2020-12-31,2019,2020,2,FALSE,2019-01-01,2020-12-31,2019,2020,2,FALSE,2019-01-01,2020-12-31,2019,2020,2,FALSE
IT-CA1,2012-01-01,2013-07-05,2012,2012,1,FALSE,2012-01-01,2013-07-05,2012,2012,1,FALSE,2012-01-01,2013-07-05,2012,2012,1,FALSE
IT-CA2,2012-01-01,2013-12-30,2012,2012,1,FALSE,2012-01-01,2013-12-30,2012,2012,1,FALSE,2012-01-01,2013-12-30,2012,2012,1,FALSE
IT-CA3,2012-01-01,2013-12-30,2012,2012,1,FALSE,2012-01-01,2013-12-30,2012,2012,1,FALSE,2012-01-01,2013-12-30,2012,2012,1,FALSE
IT-Col,2007-01-01,2014-12-30,2007,2013,7,FALSE,2007-01-01,2014-12-30,2007,2013,7,FALSE,2007-01-01,2014-12-30,2007,2013,7,FALSE
IT-Cp2,2012-10-03,2014-10-12,2013,2013,1,FALSE,2012-10-04,2014-10-13,2013,2013,1,FALSE,2012-10-04,2014-10-13,2013,2013,1,FALSE
IT-Cpz,2001-01-01,2008-12-11,2001,2007,7,FALSE,2001-01-01,2008-12-10,2001,2007,7,FALSE,2001-01-01,2008-12-10,2001,2007,7,FALSE
IT-Isp,2013-01-03,2014-12-30,2014,2013,0,TRUE,2013-01-01,2014-12-30,2013,2013,1,FALSE,2013-01-01,2014-12-30,2013,2013,1,FALSE
IT-Lav,2003-01-01,2020-12-30,2003,2020,18,FALSE,2003-01-01,2020-12-30,2003,2020,18,FALSE,2003-01-01,2017-01-22,2003,2016,14,FALSE
IT-Lsn,2016-01-01,2020-12-30,2016,2020,5,FALSE,2016-01-01,2020-12-30,2016,2020,5,FALSE,2016-01-01,2020-12-30,2016,2020,5,FALSE
IT-MBo,2003-01-07,2013-12-22,2004,2012,9,FALSE,2003-01-07,2013-12-23,2004,2012,9,FALSE,2003-01-07,2013-12-23,2004,2012,9,FALSE
IT-Mal,2003-01-01,2003-10-18,2003,2002,0,TRUE,2003-01-01,2003-12-03,2003,2002,0,TRUE,2003-01-01,2003-12-03,2003,2002,0,TRUE
IT-Noe,2004-04-06,2011-03-08,2005,2010,6,FALSE,2004-04-06,2011-03-08,2005,2010,6,FALSE,2004-04-06,2011-03-08,2005,2010,6,FALSE
IT-Non,2002-01-23,2002-12-30,2003,2001,-1,TRUE,2002-01-01,2002-12-30,2002,2001,0,TRUE,2002-01-01,2002-12-30,2002,2001,0,TRUE
IT-PT1,2003-01-01,2004-10-22,2003,2003,1,FALSE,2003-01-01,2004-10-22,2003,2003,1,FALSE,2003-01-01,2004-10-22,2003,2003,1,FALSE
IT-Ren,2000-12-26,2015-01-02,2001,2014,14,FALSE,2000-04-08,2015-01-01,2001,2014,14,FALSE,2000-04-08,2015-01-01,2001,2014,14,FALSE
IT-Ro1,2002-01-01,2006-12-30,2002,2005,4,FALSE,2002-01-01,2006-12-30,2002,2005,4,FALSE,NA,NA,NA,NA,0,TRUE
IT-Ro2,2002-01-01,2008-12-03,2002,2007,6,FALSE,2002-01-01,2008-12-03,2002,2007,6,FALSE,2002-01-01,2008-12-03,2002,2007,6,FALSE
IT-SR2,2013-01-01,2020-12-30,2013,2020,8,FALSE,2013-01-01,2020-12-30,2013,2020,8,FALSE,2013-01-01,2020-12-30,2013,2020,8,FALSE
IT-SRo,2008-12-25,2012-12-30,2009,2012,4,FALSE,2008-12-25,2012-12-30,2009,2012,4,FALSE,2005-09-15,2008-08-20,2006,2007,2,FALSE
IT-Tor,2008-06-20,2020-12-30,2009,2020,12,FALSE,2008-06-20,2020-12-30,2009,2020,12,FALSE,2008-06-20,2020-12-30,2009,2020,12,FALSE
JP-SMF,2003-01-01,2006-12-30,2003,2005,3,FALSE,2003-01-01,2006-12-30,2003,2005,3,FALSE,NA,NA,NA,NA,0,TRUE
NL-Ca1,2003-01-06,2004-10-17,2004,2003,0,TRUE,2003-01-01,2006-12-30,2003,2005,3,FALSE,2003-01-01,2006-12-30,2003,2005,3,FALSE
NL-Hor,2008-01-01,2011-09-07,2008,2010,3,FALSE,2008-01-01,2008-12-31,2008,2008,1,FALSE,2008-01-01,2008-12-31,2008,2008,1,FALSE
NL-Loo,1996-07-22,2018-09-14,1997,2017,21,FALSE,1996-01-08,2018-09-14,1997,2017,21,FALSE,1996-01-08,2018-09-14,1997,2017,21,FALSE
PE-QFR,2018-01-01,2019-12-30,2018,2018,1,FALSE,2018-01-01,2019-12-30,2018,2018,1,FALSE,NA,NA,NA,NA,0,TRUE
PL-wet,2004-02-03,2005-12-30,2005,2004,0,TRUE,2004-01-01,2005-12-30,2004,2004,1,FALSE,2004-03-13,2005-12-30,2005,2004,0,TRUE
PT-Mi2,2005-01-01,2006-12-30,2005,2005,1,FALSE,2005-01-01,2006-12-30,2005,2005,1,FALSE,2005-01-01,2006-12-30,2005,2005,1,FALSE
RU-Che,2003-05-10,2004-09-28,2004,2003,0,TRUE,2003-05-10,2004-09-28,2004,2003,0,TRUE,NA,NA,NA,NA,0,TRUE
RU-Fy2,2015-05-08,2020-12-30,2016,2020,5,FALSE,2015-05-08,2020-12-30,2016,2020,5,FALSE,2015-05-08,2020-12-30,2016,2020,5,FALSE
RU-Fyo,1998-07-05,2010-11-28,1999,2009,11,FALSE,1998-06-01,2020-12-30,1999,2020,22,FALSE,1998-06-01,2020-12-30,1999,2020,22,FALSE
RU-Zot,2003-05-29,2003-11-18,2004,2002,-1,TRUE,2003-05-25,2003-11-19,2004,2002,-1,TRUE,2003-05-25,2003-11-19,2004,2002,-1,TRUE
SD-Dem,2007-07-05,2009-12-04,2008,2008,1,FALSE,2007-07-06,2009-12-04,2008,2008,1,FALSE,2007-07-06,2009-12-04,2008,2008,1,FALSE
SE-Deg,2001-01-02,2017-11-07,2002,2016,15,FALSE,2001-01-02,2020-12-30,2002,2020,19,FALSE,2011-11-28,2020-12-30,2012,2020,9,FALSE
SE-Htm,2015-01-01,2020-12-30,2015,2020,6,FALSE,2015-01-01,2020-12-30,2015,2020,6,FALSE,2015-01-01,2020-12-30,2015,2020,6,FALSE
SE-Lnn,2014-01-01,2018-12-30,2014,2017,4,FALSE,2014-01-01,2018-12-30,2014,2017,4,FALSE,NA,NA,NA,NA,0,TRUE
SE-Nor,2014-01-01,2020-12-30,2014,2020,7,FALSE,2014-01-01,2020-12-30,2014,2020,7,FALSE,2014-01-01,2020-12-30,2014,2020,7,FALSE
SE-Ros,2014-07-17,2020-12-30,2015,2020,6,FALSE,2014-07-11,2020-12-25,2015,2019,5,FALSE,2015-06-17,2020-12-25,2016,2019,4,FALSE
SE-Svb,2018-01-01,2020-12-30,2018,2020,3,FALSE,2018-01-02,2020-12-30,2019,2020,2,FALSE,2018-01-02,2020-12-30,2019,2020,2,FALSE
UK-Gri,2000-01-14,2000-11-12,2001,1999,-1,TRUE,2000-01-03,2001-12-03,2001,2000,0,TRUE,2000-01-03,2001-12-03,2001,2000,0,TRUE
US-A32,2016-01-24,2017-06-14,2017,2016,0,TRUE,2015-06-17,2017-06-14,2016,2016,1,FALSE,2015-06-17,2017-06-14,2016,2016,1,FALSE
US-A74,2016-01-27,2017-06-04,2017,2016,0,TRUE,2016-01-27,2017-06-05,2017,2016,0,TRUE,2016-01-27,2017-06-05,2017,2016,0,TRUE
US-ALQ,2018-09-05,2021-12-30,2019,2020,2,FALSE,2018-09-06,2021-12-30,2019,2020,2,FALSE,NA,NA,NA,NA,0,TRUE
US-AR1,2009-04-29,2012-04-19,2010,2011,2,FALSE,2009-04-29,2012-04-19,2010,2011,2,FALSE,2009-04-29,2012-04-19,2010,2011,2,FALSE
US-AR2,2009-04-29,2012-08-02,2010,2011,2,FALSE,2009-04-29,2012-08-02,2010,2011,2,FALSE,2009-04-29,2012-08-02,2010,2011,2,FALSE
US-ARM,2003-01-02,2015-02-27,2004,2014,11,FALSE,2003-01-01,2015-02-27,2003,2014,12,FALSE,2005-03-18,2015-02-27,2006,2014,9,FALSE
US-ARb,2005-03-09,2006-10-31,2006,2005,0,TRUE,2005-03-08,2006-10-31,2006,2005,0,TRUE,2005-03-08,2006-10-31,2006,2005,0,TRUE
US-ARc,2005-03-08,2006-10-31,2006,2005,0,TRUE,2005-03-08,2006-10-31,2006,2005,0,TRUE,2005-03-08,2006-10-31,2006,2005,0,TRUE
US-Aud,2003-07-02,2005-12-30,2004,2004,1,FALSE,2003-01-01,2005-12-30,2003,2004,2,FALSE,2003-01-01,2005-12-30,2003,2004,2,FALSE
US-BRG,2017-04-19,2020-11-11,2018,2019,2,FALSE,2017-04-19,2020-11-11,2018,2019,2,FALSE,NA,NA,NA,NA,0,TRUE
US-BZB,2014-01-01,2021-12-30,2014,2020,7,FALSE,2014-01-01,2021-12-30,2014,2020,7,FALSE,2014-01-01,2021-12-30,2014,2020,7,FALSE
US-BZF,2014-01-27,2021-12-17,2015,2020,6,FALSE,2014-01-25,2021-12-17,2015,2020,6,FALSE,2014-01-25,2021-12-17,2015,2020,6,FALSE
US-BZS,2015-02-01,2021-12-01,2016,2020,5,FALSE,2015-01-01,2021-12-02,2015,2020,6,FALSE,2015-01-01,2021-12-02,2015,2020,6,FALSE
US-BZo,2018-04-07,2021-11-29,2019,2020,2,FALSE,2018-04-06,2021-11-29,2019,2020,2,FALSE,2018-04-06,2021-11-29,2019,2020,2,FALSE
US-Bar,2004-02-24,2018-01-02,2005,2017,13,FALSE,2004-02-01,2018-01-06,2005,2017,13,FALSE,NA,NA,NA,NA,0,TRUE
US-Bi1,2016-08-13,2021-12-30,2017,2020,4,FALSE,2016-08-13,2021-12-30,2017,2020,4,FALSE,2016-08-13,2021-12-30,2017,2020,4,FALSE
US-Bi2,2017-04-27,2021-12-30,2018,2020,3,FALSE,2017-04-27,2021-12-30,2018,2020,3,FALSE,2017-04-27,2021-12-30,2018,2020,3,FALSE
US-Bkg,2005-02-04,2006-12-14,2006,2005,0,TRUE,2005-01-04,2006-12-15,2006,2005,0,TRUE,2005-01-04,2006-12-15,2006,2005,0,TRUE
US-Blo,2000-01-01,2006-12-30,2000,2005,6,FALSE,2000-01-01,2006-12-30,2000,2005,6,FALSE,2000-01-01,2006-12-30,2000,2005,6,FALSE
US-Bo1,1997-01-21,2003-12-03,1998,2002,5,FALSE,1997-01-08,2006-12-30,1998,2005,8,FALSE,1997-01-08,2006-12-30,1998,2005,8,FALSE
US-CF1,2017-06-14,2020-12-30,2018,2020,3,FALSE,2017-05-12,2020-12-30,2018,2020,3,FALSE,NA,NA,NA,NA,0,TRUE
US-CF2,2017-05-10,2020-12-30,2018,2020,3,FALSE,2017-05-10,2020-12-30,2018,2020,3,FALSE,NA,NA,NA,NA,0,TRUE
US-CF3,2017-06-02,2021-04-08,2018,2020,3,FALSE,2017-06-02,2021-04-07,2018,2020,3,FALSE,NA,NA,NA,NA,0,TRUE
US-CF4,2017-06-14,2020-02-06,2018,2019,2,FALSE,2017-06-14,2020-02-06,2018,2019,2,FALSE,NA,NA,NA,NA,0,TRUE
US-CRT,2011-01-01,2013-12-30,2011,2012,2,FALSE,2011-01-01,2013-12-31,2011,2013,3,FALSE,2011-01-01,2013-12-31,2011,2013,3,FALSE
US-CS1,2018-06-28,2019-05-01,2019,2018,0,TRUE,2018-06-28,2019-05-01,2019,2018,0,TRUE,NA,NA,NA,NA,0,TRUE
US-CS2,2019-03-05,2021-09-23,2020,2020,1,FALSE,2019-03-05,2021-09-24,2020,2020,1,FALSE,2019-06-18,2019-10-17,2020,2018,-1,TRUE
US-CS3,2019-05-02,2020-05-05,2020,2019,0,TRUE,2019-05-02,2020-05-05,2020,2019,0,TRUE,NA,NA,NA,NA,0,TRUE
US-CS4,2020-05-06,2021-02-15,2021,2020,0,TRUE,2020-05-06,2021-02-15,2021,2020,0,TRUE,NA,NA,NA,NA,0,TRUE
US-Cop,2001-03-28,2003-11-16,2002,2002,1,FALSE,2001-03-28,2003-11-16,2002,2002,1,FALSE,2001-03-28,2003-11-16,2002,2002,1,FALSE
US-DFC,2018-10-17,2021-12-30,2019,2020,2,FALSE,2018-10-17,2021-12-30,2019,2020,2,FALSE,2018-10-17,2021-12-30,2019,2020,2,FALSE
US-EDN,2018-04-01,2019-11-08,2019,2018,0,TRUE,2018-04-01,2019-11-08,2019,2018,0,TRUE,NA,NA,NA,NA,0,TRUE
US-EML,2010-04-22,2015-08-30,2011,2014,4,FALSE,2010-04-22,2015-09-01,2011,2014,4,FALSE,NA,NA,NA,NA,0,TRUE
US-FPe,2003-12-31,2006-12-25,2004,2005,2,FALSE,2000-01-01,2006-12-30,2000,2005,6,FALSE,2000-01-01,2006-12-30,2000,2005,6,FALSE
US-Fcr,2013-01-23,2014-09-07,2014,2013,0,TRUE,2013-01-23,2014-09-07,2014,2013,0,TRUE,2013-01-23,2014-09-07,2014,2013,0,TRUE
US-Fmf,2005-07-29,2010-12-30,2006,2009,4,FALSE,2005-07-29,2010-12-30,2006,2009,4,FALSE,2005-07-29,2010-12-30,2006,2009,4,FALSE
US-Fuf,2005-09-06,2010-12-23,2006,2009,4,FALSE,2005-09-06,2010-12-23,2006,2009,4,FALSE,2005-09-06,2010-12-23,2006,2009,4,FALSE
US-GLE,2005-03-29,2020-09-30,2006,2019,14,FALSE,2005-01-01,2020-09-30,2005,2019,15,FALSE,2005-01-01,2020-09-30,2005,2019,15,FALSE
US-Goo,2004-03-06,2006-12-24,2005,2005,1,FALSE,2004-01-01,2006-12-25,2004,2005,2,FALSE,2004-01-01,2006-11-15,2004,2005,2,FALSE
US-HB1,2019-01-05,2019-09-01,2020,2018,-1,TRUE,2019-01-05,2019-09-01,2020,2018,-1,TRUE,NA,NA,NA,NA,0,TRUE
US-HWB,2015-07-16,2018-08-24,2016,2017,2,FALSE,2015-07-16,2018-08-24,2016,2017,2,FALSE,NA,NA,NA,NA,0,TRUE
US-Ha1,1991-10-27,2020-12-30,1992,2020,29,FALSE,NA,NA,NA,NA,0,TRUE,NA,NA,NA,NA,0,TRUE
US-Hn2,2017-04-20,2018-12-30,2018,2017,0,TRUE,2015-12-05,2018-12-30,2016,2017,2,FALSE,2015-12-05,2018-12-30,2016,2017,2,FALSE
US-Hn3,2017-11-16,2018-12-30,2018,2017,0,TRUE,2017-11-16,2018-12-30,2018,2017,0,TRUE,2017-11-16,2018-12-30,2018,2017,0,TRUE
US-Ho2,2006-03-24,2018-12-10,2007,2017,11,FALSE,1999-01-12,2018-12-10,2000,2017,18,FALSE,NA,NA,NA,NA,0,TRUE
US-ICh,2009-04-06,2021-12-30,2010,2020,11,FALSE,2009-04-05,2021-12-30,2010,2020,11,FALSE,2009-04-05,2021-12-30,2010,2020,11,FALSE
US-ICs,2013-12-25,2020-12-30,2014,2020,7,FALSE,2011-01-18,2020-12-30,2012,2020,9,FALSE,2011-01-18,2020-12-30,2012,2020,9,FALSE
US-ICt,2015-12-25,2021-12-27,2016,2020,5,FALSE,2015-04-11,2021-12-22,2016,2020,5,FALSE,2015-04-11,2021-12-22,2016,2020,5,FALSE
US-Jo1,2010-01-07,2017-03-09,2011,2016,6,FALSE,2010-01-07,2017-03-09,2011,2016,6,FALSE,2010-01-07,2017-03-09,2011,2016,6,FALSE
US-Jo2,2010-09-04,2020-12-30,2011,2020,10,FALSE,2010-09-04,2020-12-30,2011,2020,10,FALSE,2010-09-04,2020-12-30,2011,2020,10,FALSE
US-KFS,2008-01-01,2019-12-30,2008,2018,11,FALSE,2007-06-16,2019-12-30,2008,2018,11,FALSE,2007-06-16,2019-12-30,2008,2018,11,FALSE
US-KLS,2012-04-28,2019-12-30,2013,2018,6,FALSE,2012-04-28,2019-12-30,2013,2018,6,FALSE,2012-04-28,2019-12-30,2013,2018,6,FALSE
US-KS2,2003-03-28,2006-12-30,2004,2005,2,FALSE,2003-01-01,2006-12-30,2003,2005,3,FALSE,2003-01-01,2006-12-30,2003,2005,3,FALSE
US-Los,2000-09-06,2007-01-02,2001,2006,6,FALSE,2000-09-06,2008-12-30,2001,2008,8,FALSE,2000-09-06,2008-12-30,2001,2008,8,FALSE
US-MMS,1999-01-01,2020-12-30,1999,2020,22,FALSE,1999-01-01,2020-12-30,1999,2020,22,FALSE,1999-01-01,2017-02-03,1999,2016,18,FALSE
US-MOz,2006-05-11,2019-12-30,2007,2018,12,FALSE,2006-05-11,2019-12-30,2007,2018,12,FALSE,2006-05-11,2019-12-30,2007,2018,12,FALSE
US-Me1,2004-06-15,2005-05-15,2005,2004,0,TRUE,2004-05-17,2005-05-15,2005,2004,0,TRUE,2004-05-17,2005-05-15,2005,2004,0,TRUE
US-Me2,2004-02-08,2011-11-09,2005,2010,6,FALSE,2002-01-01,2020-12-30,2002,2020,19,FALSE,2002-01-01,2020-12-30,2002,2020,19,FALSE
US-Me3,2006-06-15,2009-10-01,2007,2008,2,FALSE,2004-01-07,2009-10-01,2005,2008,4,FALSE,NA,NA,NA,NA,0,TRUE
US-Me4,2000-02-17,2000-12-02,2001,1999,-1,TRUE,2000-01-01,2000-12-17,2000,1999,0,TRUE,2000-01-01,2000-12-17,2000,1999,0,TRUE
US-Me6,2011-01-01,2014-12-30,2011,2013,3,FALSE,2011-01-01,2014-12-30,2011,2013,3,FALSE,2012-09-26,2012-12-31,2013,2012,0,TRUE
US-Mpj,2008-01-02,2020-12-30,2009,2020,12,FALSE,2008-01-01,2020-12-30,2008,2020,13,FALSE,NA,NA,NA,NA,0,TRUE
US-Myb,2011-03-01,2021-10-29,2012,2020,9,FALSE,NA,NA,NA,NA,0,TRUE,NA,NA,NA,NA,0,TRUE
US-NC1,2008-06-26,2012-12-30,2009,2012,4,FALSE,2008-06-26,2012-12-28,2009,2011,3,FALSE,2008-06-26,2012-12-28,2009,2011,3,FALSE
US-NC4,2016-01-01,2020-03-04,2016,2019,4,FALSE,2009-02-07,2020-03-04,2010,2019,10,FALSE,2009-02-07,2020-03-04,2010,2019,10,FALSE
US-NGB,2017-04-20,2017-11-07,2018,2016,-1,TRUE,2017-04-20,2017-11-07,2018,2016,-1,TRUE,2017-04-20,2017-11-07,2018,2016,-1,TRUE
US-NGB,2017-04-20,2017-11-07,2018,2016,-1,TRUE,2017-04-20,2017-11-07,2018,2016,-1,TRUE,2018-04-18,2018-11-05,2019,2017,-1,TRUE
US-NGB,2017-04-20,2017-11-07,2018,2016,-1,TRUE,2018-04-18,2018-11-05,2019,2017,-1,TRUE,2017-04-20,2017-11-07,2018,2016,-1,TRUE
US-NGB,2017-04-20,2017-11-07,2018,2016,-1,TRUE,2018-04-18,2018-11-05,2019,2017,-1,TRUE,2018-04-18,2018-11-05,2019,2017,-1,TRUE
US-NGC,2018-06-12,2019-09-02,2019,2018,0,TRUE,2018-06-12,2019-09-03,2019,2018,0,TRUE,2018-06-12,2019-09-03,2019,2018,0,TRUE
US-NR1,1999-05-03,2016-09-25,2000,2015,16,FALSE,2007-02-17,2016-12-30,2008,2016,9,FALSE,2007-02-17,2016-12-30,2008,2016,9,FALSE
US-Ne1,2001-05-31,2020-12-30,2002,2020,19,FALSE,2001-05-25,2020-12-30,2002,2020,19,FALSE,NA,NA,NA,NA,0,TRUE
US-Ne2,2002-05-22,2012-12-30,2003,2012,10,FALSE,2002-01-01,2012-12-31,2002,2012,11,FALSE,2002-01-01,2012-12-31,2002,2012,11,FALSE
US-Ne3,2002-01-01,2012-12-31,2002,2012,11,FALSE,2002-01-01,2012-12-30,2002,2012,11,FALSE,2002-01-01,2012-12-30,2002,2012,11,FALSE
US-ONA,2016-04-14,2020-12-30,2017,2020,4,FALSE,2016-04-14,2020-12-30,2017,2020,4,FALSE,2016-04-14,2020-12-30,2017,2020,4,FALSE
US-ORv,2011-01-01,2016-10-31,2011,2015,5,FALSE,2011-01-01,2016-10-31,2011,2015,5,FALSE,NA,NA,NA,NA,0,TRUE
US-OWC,2016-04-15,2016-10-21,2017,2015,-1,TRUE,NA,NA,NA,NA,0,TRUE,NA,NA,NA,NA,0,TRUE
US-PFa,1996-07-12,2014-12-30,1997,2013,17,FALSE,1996-07-12,2014-12-30,1997,2013,17,FALSE,NA,NA,NA,NA,0,TRUE
US-Prr,2011-01-01,2013-12-30,2011,2012,2,FALSE,2011-01-01,2013-12-30,2011,2012,2,FALSE,2011-01-01,2013-12-30,2011,2012,2,FALSE
US-Rms,2014-09-16,2020-10-01,2015,2019,5,FALSE,2014-09-16,2020-10-01,2015,2019,5,FALSE,2014-09-16,2020-10-01,2015,2019,5,FALSE
US-Ro1,2004-01-01,2016-12-30,2004,2016,13,FALSE,2004-01-01,2016-12-30,2004,2016,13,FALSE,2004-01-01,2016-12-30,2004,2016,13,FALSE
US-Ro4,2014-01-10,2021-12-30,2015,2020,6,FALSE,2014-01-10,2021-12-30,2015,2020,6,FALSE,2014-01-10,2021-12-30,2015,2020,6,FALSE
US-Ro5,2017-01-01,2020-12-22,2017,2019,3,FALSE,2017-01-01,2020-12-22,2017,2019,3,FALSE,2017-01-01,2020-12-22,2017,2019,3,FALSE
US-Ro6,2017-01-01,2021-12-30,2017,2020,4,FALSE,2017-01-01,2021-12-30,2017,2020,4,FALSE,2017-01-01,2021-12-30,2017,2020,4,FALSE
US-Rwe,2003-02-04,2007-10-01,2004,2006,3,FALSE,2003-08-25,2007-10-01,2004,2006,3,FALSE,2003-08-26,2007-10-01,2004,2006,3,FALSE
US-Rwf,2014-06-04,2020-10-01,2015,2019,5,FALSE,2014-06-04,2020-10-01,2015,2019,5,FALSE,2014-06-04,2020-10-01,2015,2019,5,FALSE
US-Rws,2014-10-02,2020-10-01,2015,2019,5,FALSE,2014-09-16,2020-10-01,2015,2019,5,FALSE,2014-09-16,2020-10-01,2015,2019,5,FALSE
US-SP1,2005-01-01,2005-12-27,2005,2004,0,TRUE,2005-01-01,2005-12-31,2005,2005,1,FALSE,2005-01-01,2005-12-30,2005,2004,0,TRUE
US-SP2,2000-09-06,2004-12-29,2001,2003,3,FALSE,2000-01-01,2004-12-31,2000,2004,5,FALSE,2000-01-01,2004-12-30,2000,2004,5,FALSE
US-SP3,2000-09-23,2004-12-28,2001,2003,3,FALSE,2000-06-23,2004-12-30,2001,2004,4,FALSE,2000-06-24,2004-12-30,2001,2004,4,FALSE
US-SRC,2008-03-14,2013-04-15,2009,2012,4,FALSE,2008-03-14,2013-04-15,2009,2012,4,FALSE,2008-03-14,2013-04-15,2009,2012,4,FALSE
US-SRG,2009-01-01,2014-12-31,2009,2014,6,FALSE,2009-01-01,2014-12-31,2009,2014,6,FALSE,2009-01-01,2014-12-31,2009,2014,6,FALSE
US-SRM,2004-01-06,2014-12-30,2005,2013,9,FALSE,2004-01-06,2014-12-30,2005,2013,9,FALSE,2004-01-06,2014-12-30,2005,2013,9,FALSE
US-Seg,2007-01-01,2021-12-30,2007,2020,14,FALSE,2007-01-01,2021-12-30,2007,2020,14,FALSE,NA,NA,NA,NA,0,TRUE
US-Ses,2007-01-08,2021-12-30,2008,2020,13,FALSE,2007-01-08,2021-12-30,2008,2020,13,FALSE,NA,NA,NA,NA,0,TRUE
US-Sne,2016-05-24,2020-12-30,2017,2020,4,FALSE,2016-05-23,2020-12-30,2017,2020,4,FALSE,2016-05-23,2020-12-30,2017,2020,4,FALSE
US-Snf,2018-07-19,2020-07-08,2019,2019,1,FALSE,2018-07-19,2020-07-08,2019,2019,1,FALSE,2018-07-19,2020-07-08,2019,2019,1,FALSE
US-Syv,2002-01-01,2007-01-01,2002,2006,5,FALSE,2002-01-01,2007-06-29,2002,2006,5,FALSE,2002-01-01,2007-06-29,2002,2006,5,FALSE
US-Ton,2001-05-18,2014-12-30,2002,2013,12,FALSE,2001-05-18,2014-12-30,2002,2013,12,FALSE,2001-05-18,2014-12-30,2002,2013,12,FALSE
US-Tw1,2012-07-13,2020-12-17,2013,2019,7,FALSE,2011-04-11,2020-12-30,2012,2020,9,FALSE,NA,NA,NA,NA,0,TRUE
US-Tw2,2012-05-22,2013-05-08,2013,2012,0,TRUE,2012-05-22,2013-05-08,2013,2012,0,TRUE,2012-05-22,2013-05-08,2013,2012,0,TRUE
US-Tw3,2013-05-24,2018-06-04,2014,2017,4,FALSE,2013-05-24,2018-06-04,2014,2017,4,FALSE,2013-05-24,2018-06-04,2014,2017,4,FALSE
US-Tw4,2014-01-01,2014-12-30,2014,2013,0,TRUE,2014-01-01,2014-12-31,2014,2014,1,FALSE,2014-01-01,2014-12-31,2014,2014,1,FALSE
US-Tw5,2018-04-17,2019-12-30,2019,2018,0,TRUE,2018-04-17,2019-12-30,2019,2018,0,TRUE,NA,NA,NA,NA,0,TRUE
US-Twt,2010-01-31,2014-12-30,2011,2013,3,FALSE,2010-01-01,2014-12-31,2010,2014,5,FALSE,2010-01-01,2014-12-31,2010,2014,5,FALSE
US-UM3,2013-06-07,2013-09-18,2014,2012,-1,TRUE,2013-06-07,2013-09-18,2014,2012,-1,TRUE,NA,NA,NA,NA,0,TRUE
US-UMB,2000-01-01,2014-12-30,2000,2013,14,FALSE,2000-01-01,2014-12-30,2000,2013,14,FALSE,NA,NA,NA,NA,0,TRUE
US-UMd,2007-05-25,2021-12-30,2008,2020,13,FALSE,2007-05-25,2021-12-30,2008,2020,13,FALSE,NA,NA,NA,NA,0,TRUE
US-Var,2000-10-30,2021-10-25,2001,2020,20,FALSE,2000-10-29,2021-10-25,2001,2020,20,FALSE,2000-10-29,2021-10-25,2001,2020,20,FALSE
US-WCr,1999-02-07,2006-12-06,2000,2005,6,FALSE,1999-02-07,2006-12-06,2000,2005,6,FALSE,1999-02-07,2006-12-06,2000,2005,6,FALSE
US-Whs,2007-06-29,2020-12-30,2008,2020,13,FALSE,2007-06-29,2020-12-30,2008,2020,13,FALSE,2007-06-29,2020-12-30,2008,2020,13,FALSE
US-Wjs,2007-05-04,2021-12-30,2008,2020,13,FALSE,NA,NA,NA,NA,0,TRUE,NA,NA,NA,NA,0,TRUE
US-Wkg,2004-05-06,2021-12-30,2005,2020,16,FALSE,2004-05-05,2021-12-30,2005,2020,16,FALSE,2004-05-05,2021-12-30,2005,2020,16,FALSE
US-xAE,2019-01-04,2020-11-22,2020,2019,0,TRUE,2019-01-02,2021-12-30,2020,2020,1,FALSE,2019-01-02,2021-12-30,2020,2020,1,FALSE
US-xBR,2018-02-26,2020-09-02,2019,2019,1,FALSE,2018-02-26,2021-12-30,2019,2020,2,FALSE,2018-02-26,2021-12-30,2019,2020,2,FALSE
US-xCL,2019-08-15,2021-01-15,2020,2020,1,FALSE,2019-08-14,2021-12-30,2020,2020,1,FALSE,2019-08-14,2021-12-30,2020,2020,1,FALSE
US-xCP,2019-07-17,2021-12-30,2020,2020,1,FALSE,2019-01-02,2021-12-30,2020,2020,1,FALSE,2019-01-02,2021-12-30,2020,2020,1,FALSE
US-xDC,2018-08-15,2021-12-30,2019,2020,2,FALSE,2017-09-01,2021-12-30,2018,2020,3,FALSE,2017-09-01,2021-12-30,2018,2020,3,FALSE
US-xDL,2020-12-07,2021-12-28,2021,2020,0,TRUE,2017-11-15,2021-12-30,2018,2020,3,FALSE,2017-11-15,2021-12-30,2018,2020,3,FALSE
US-xDS,2019-07-28,2021-12-30,2020,2020,1,FALSE,2019-07-26,2021-12-30,2020,2020,1,FALSE,2019-07-26,2021-12-30,2020,2020,1,FALSE
US-xGR,2021-02-03,2021-12-30,2022,2020,-1,TRUE,2021-02-08,2021-12-30,2022,2020,-1,TRUE,2021-02-08,2021-12-30,2022,2020,-1,TRUE
US-xHA,2020-06-18,2021-12-30,2021,2020,0,TRUE,2017-03-01,2020-03-13,2018,2019,2,FALSE,2017-03-01,2020-03-13,2018,2019,2,FALSE
US-xHE,2018-03-03,2019-08-17,2019,2018,0,TRUE,2018-03-04,2019-08-19,2019,2018,0,TRUE,2018-03-04,2019-08-19,2019,2018,0,TRUE
US-xJE,2019-09-13,2021-12-25,2020,2020,1,FALSE,2019-09-09,2021-12-30,2020,2020,1,FALSE,2019-09-09,2021-12-30,2020,2020,1,FALSE
US-xKA,2019-04-04,2021-12-30,2020,2020,1,FALSE,2017-07-31,2021-12-30,2018,2020,3,FALSE,2017-07-31,2021-12-30,2018,2020,3,FALSE
US-xKZ,2018-04-06,2021-12-22,2019,2020,2,FALSE,2017-08-08,2021-12-30,2018,2020,3,FALSE,2017-08-08,2021-12-30,2018,2020,3,FALSE
US-xMB,2021-06-24,2021-12-30,2022,2020,-1,TRUE,2020-03-05,2021-12-30,2021,2020,0,TRUE,2020-03-05,2021-12-30,2021,2020,0,TRUE
US-xML,2019-05-10,2021-05-30,2020,2020,1,FALSE,2019-05-04,2021-12-30,2020,2020,1,FALSE,2019-05-04,2021-12-30,2020,2020,1,FALSE
US-xNG,2017-10-23,2021-12-30,2018,2020,3,FALSE,2017-10-04,2021-12-30,2018,2020,3,FALSE,2017-10-04,2021-12-30,2018,2020,3,FALSE
US-xNQ,2019-02-05,2021-12-30,2020,2020,1,FALSE,2018-10-09,2020-09-09,2019,2019,1,FALSE,2018-10-09,2020-09-09,2019,2019,1,FALSE
US-xRM,2017-11-26,2020-12-03,2018,2019,2,FALSE,2017-04-07,2021-12-30,2018,2020,3,FALSE,2017-04-07,2021-12-30,2018,2020,3,FALSE
US-xSB,2019-09-09,2021-12-30,2020,2020,1,FALSE,2019-08-19,2021-12-30,2020,2020,1,FALSE,2019-08-19,2021-12-30,2020,2020,1,FALSE
US-xSE,2020-09-06,2021-12-30,2021,2020,0,TRUE,2019-06-06,2021-12-30,2020,2020,1,FALSE,2019-06-06,2021-12-30,2020,2020,1,FALSE
US-xSR,2018-07-14,2021-12-30,2019,2020,2,FALSE,2018-07-14,2021-12-30,2019,2020,2,FALSE,2018-07-14,2021-12-30,2019,2020,2,FALSE
US-xST,2017-09-01,2021-12-30,2018,2020,3,FALSE,2017-08-31,2021-12-30,2018,2020,3,FALSE,2017-08-31,2021-12-30,2018,2020,3,FALSE
US-xTA,2019-06-09,2021-12-30,2020,2020,1,FALSE,2017-09-01,2021-12-30,2018,2020,3,FALSE,2017-09-01,2021-12-30,2018,2020,3,FALSE
US-xTR,2018-01-10,2021-12-30,2019,2020,2,FALSE,2017-08-01,2021-12-30,2018,2020,3,FALSE,2017-08-01,2021-12-30,2018,2020,3,FALSE
US-xUK,2019-10-06,2021-12-30,2020,2020,1,FALSE,2018-09-04,2021-12-30,2019,2020,2,FALSE,2018-09-04,2021-12-30,2019,2020,2,FALSE
US-xUN,2017-04-02,2021-12-30,2018,2020,3,FALSE,2017-04-02,2021-12-30,2018,2020,3,FALSE,2017-04-02,2021-12-30,2018,2020,3,FALSE
US-xYE,2019-01-02,2020-05-12,2020,2019,0,TRUE,2019-01-02,2021-12-30,2020,2020,1,FALSE,2019-01-02,2021-12-30,2020,2020,1,FALSE
ZA-Kru,2000-04-07,2002-11-26,2001,2001,1,FALSE,2000-04-06,2001-12-05,2001,2000,0,TRUE,2000-04-06,2001-12-05,2001,2000,0,TRUE
ZM-Mon,2008-01-05,2008-12-30,2009,2008,0,TRUE,2008-01-03,2008-12-30,2009,2008,0,TRUE,2008-01-03,2008-12-30,2009,2008,0,TRUE
