sitename,lon,lat,elv,year_start,year_end,canopy_height,reference_height,koeppen_code,igbp_land_use,whc,product,c3c4,mat,p_over_pet
AR-SLu,-66.45980072021484,-33.46480178833008,500,2010,2010,4.5,11,Bsk,MF,172.03424072265625,plumber,C3,21.666548133124437,0.24671177056566407
AR-TF1,-66.7335,-54.9733,40,2016,2018,1.8565277797645994,5.059807703311627,ET,WET,159.9023406982422,ameriflux,NA,7.175663436937179,2.2078710543178626
AT-Neu,11.317500114440918,47.116668701171875,970,2002,2012,1,3,Dfc,GRA,239.9513397216797,plumber,C3,8.564706393905437,1.0479538121859018
AU-ASM,133.24899291992188,-22.283000946044922,606,2011,2017,6.5,11.600000381469727,BSh,SAV,149.10943603515625,plumber,C3,25.484468085146503,0.21685505385045128
AU-Cow,145.42715454101562,-16.238189697265625,86,2010,2015,22,35,Am,EBF,822.7951863606771,plumber,NA,24.830324072094392,3.972014637508069
AU-Cpr,140.58912658691406,-34.00205993652344,76,2011,2017,4,8.823529411764707,BSk,SAV,141.81759643554688,plumber,C3,20.71200956676386,0.1879807845459581
AU-Ctr,145.4468536376953,-16.10327911376953,66,2010,2017,25,45,Am,EBF,943.68280029296875,plumber,NA,24.729997253429623,3.8339314013564816
AU-Cum,150.72247314453125,-33.61329650878906,200,2013,2018,23,50.735294117647065,Cfa,EBF,179.55108642578125,plumber,C3,20.29878565646468,0.6585923554871822
AU-DaP,131.31809997558594,-14.063300132751465,116,2009,2012,0.30000001192092896,0.6617647321785198,Aw,GRA,597.201416015625,plumber,C3,28.68106660780456,0.7730160103050042
AU-DaS,131.38800048828125,-14.159282684326172,108,2010,2017,16.399999618530273,36.17646974675796,Aw,SAV,732.69219970703125,plumber,C3,28.232389159163887,0.8141579924960851
AU-Dry,132.37060546875,-15.25879955291748,191,2011,2015,12.300000190734863,27.13235336191514,Aw,SAV,672.0255126953125,plumber,C3,28.526456097076615,0.5528027757372732
AU-Emr,148.47459411621094,-23.858699798583984,177,2012,2013,2,5.599999904632568,Bsh,GRA,130.61582946777344,plumber,mix,24.138640470100402,0.4157905478766846
AU-GWW,120.65409851074219,-30.191299438476562,504,2013,2017,18,35,BWh ,SAV,144.88778686523438,plumber,C3,20.939712269277454,0.19247785274394896
AU-Gin,115.6500015258789,-31.375,51,2012,2017,7,15,Csa,WSA,439.7334899902344,plumber,C3,20.979032071364404,0.4304866400038171
AU-How,131.14999389648438,-12.495200157165527,41,2003,2017,16,35.294117647058826,Aw,WSA,558.27484130859375,plumber,C3,28.609480236152645,1.0138494405414533
AU-Lit,130.79449462890625,-13.17903995513916,200,2016,2017,20,31,Aw,WSA,543.70849609375,plumber,NA,28.02808827962722,1.017242860359615
AU-Otw,142.81680297851562,-38.53234100341797,54,2009,2010,0.10000000149011612,0.22058823858113852,Cfb,GRA,359.4934997558594,plumber,NA,14.075084576590957,0.35278287264874947
AU-Rig,145.57589721679688,-36.649898529052734,133,2011,2016,0.4000000059604645,0.8823529543245541,Cfb,GRA,196.72129821777344,plumber,C3,17.41543574265483,0.41614845725633853
AU-Rob,145.63009643554688,-17.11750030517578,710,2014,2017,44,97.05882352941177,Cwa,EBF,851.1192626953125,plumber,C3,21.13985399136267,5.9452466381574105
AU-Sam,152.8778076171875,-27.388099670410156,170,2011,2017,0.5,2,Cfa,GRA,511.2165222167969,plumber,NA,22.113913648550714,0.9594958129242628
AU-Stp,133.35020446777344,-17.150699615478516,252,2010,2017,0.5,1.1029411764705883,BSh,GRA,324.3975830078125,plumber,C4,28.17377989617602,0.41999721016446967
AU-TTE,133.63999938964844,-22.28700065612793,553,2013,2017,4.849999904632568,9.8100004196167,BWh,GRA,174.94302368164062,plumber,C4,26.201167422563362,0.2327728971292625
AU-Tum,148.15170288085938,-35.65660095214844,1200,2002,2017,40,70,Cfb,EBF,504.646728515625,plumber,C3,10.503214430760583,0.4882616775048496
AU-Whr,145.02940368652344,-36.67319869995117,152,2015,2016,28,61.76470588235294,Cfb,EBF,196.9843292236328,plumber,C3,16.71229022120771,0.34400563393211664
AU-Wrr,146.6544952392578,-43.09502029418945,100,2016,2017,90,198.52941176470588,Cfb,EBF,259.1888122558594,plumber,NA,11.804799539010418,1.692627978959026
AU-Ync,146.2906951904297,-34.98929977416992,125,2011,2017,0.5,1.1029411764705883,BSk,GRA,238.2706298828125,plumber,mix,25.484468085146503,0.21685505385045128
BE-Bra,4.51984,51.30761,16,1996,2020,21,41,Cfb,MF,262.9107971191406,icos_warmwinter2020,C3,11.45397235320968,1.2964461402464649
BE-Dor,4.968113,50.311874,253,2011,2020,0.47078062298103396,1.038486668340516,Cfb,GRA,195.8311767578125,icos_warmwinter2020,C3,11.364062915018186,1.0414413842658847
BE-Lcr,3.85,51.1,5,2019,2020,19.4375,42.87683823529412,Cfb,DBF,192.59117126464844,icos_warmwinter2020,C3,12.53507939467009,1.213449911180734
BE-Lon,4.746234,50.55162,170,2004,2020,1,3.2062500000000003,Cfb,CRO,183.68844604492188,icos_warmwinter2020,rotation,12.085368542054674,1.1989392148315507
BE-Maa,5.631851,50.97987,87,2016,2020,2,3.5,Cfb,CSH,248.58624267578125,icos_warmwinter2020,C3,12.33760775999516,1.21186797041123
BE-Vie,5.998099,50.304962,490,1996,2020,35,77.20588235294119,Cfb,MF,224.26194763183594,icos_warmwinter2020,C3,9.144253118504071,1.3008596914749688
BR-CST,-38.3842,-7.9682,468,2014,2015,2,5.599999904632568,Bsh,DNF,732.203369140625,ameriflux,NA,27.847447372737516,0.2486625431408619
BR-Npw,-56.412,-16.498,120,2013,2017,18,27,Aw,WSA,545.24578857421875,ameriflux,NA,27.280183576993817,0.8569785968664791
BR-Sa3,-54.971435546875,-3.01802921295166,100,2001,2003,40,64,Am,EBF,661.40325927734375,plumber,C3,26.6714755590447,0.9007651932469856
BW-Ma1,23.56032943725586,-19.916500091552734,929,2000,2000,8,12.600000381469727,BSh,SAV,359.0039367675781,plumber,NA,24.571028516772937,0.32313987861910326
CA-ARB,-83.9452,52.695,90,2011,2015,0.8200000047683715,1.8088235399302315,Dfb,WET,851.85333251953125,ameriflux,NA,-0.024021263424030527,0.8203143448557522
CA-ARF,-83.955,52.7008,88,2011,2015,0.8200000047683715,1.8088235399302315,Dfb,WET,851.85333251953125,ameriflux,NA,0.1930609273848175,0.8575884376565294
CA-Ca1,-125.3336,49.8673,300,1996,2010,15.01866664759318,25.73499988555908,Cfb,ENF,293.2023620605469,ameriflux,C3,12.874985913968194,2.9351854031441524
CA-Ca2,-125.2909,49.8705,300,1999,2010,15.01866664759318,25.73499988555908,Cfb,ENF,301.47882080078125,ameriflux,C3,9.949193461929083,3.441027867215924
CA-Cbo,-79.9333,44.3167,120,1994,2020,23.183333333333334,51.13970588235294,Dfb,DBF,247.0664825439453,ameriflux,C3,8.64235881298137,1.1717520255338447
CA-DB2,-122.9951,49.119,4,2019,2020,2.596904761904762,5.059687523841858,Csb ,WET,221.9344940185547,ameriflux,NA,11.078052071336526,2.1575758836345953
CA-DBB,-122.9849,49.1293,4,2014,2020,2.596904761904762,5.059687523841858,Csb,WET,221.9344940185547,ameriflux,NA,11.550997586394063,1.408776463997708
CA-ER1,-80.4123,43.6405,370,2015,2021,1.9984558823529412,5.7072,Dfb,CRO,165.9332275390625,ameriflux,NA,8.479880270009216,1.4293034655818153
CA-Gro,-82.1556,48.2167,340,2003,2014,31,68.38235294117648,Dfb,MF,237.40826416015625,ameriflux,C3,4.195772698853447,1.1857537999162167
CA-LP1,-122.8414,55.1119,751,2007,2022,15.01866664759318,25.73499988555908,Csa,ENF,262.4881286621094,ameriflux,NA,4.07276434851229,1.0467941026647982
CA-MA1,-97.8762,50.1645,261,2009,2011,1.9984558823529412,5.7072,Dfb,CRO,182.9694061279297,ameriflux,NA,2.8123548876275195,0.6312024462507384
CA-MA2,-97.8762,50.171,261,2009,2011,1.9984558823529412,5.7072,Dfb,CRO,182.9694061279297,ameriflux,NA,4.758008214941675,0.7599314342887212
CA-MA3,-97.8686,50.1774,261,2009,2011,0.6142857159887042,1.3550420205633182,Dfb,GRA,182.9694061279297,ameriflux,NA,4.738520487985585,0.8310768404872022
CA-NS1,-98.4839,55.8792,260,2001,2005,20,44.117647058823536,Dfc,ENF,741.468994140625,ameriflux,C3,2.470586202783549,0.2323118188751791
CA-NS2,-98.5247,55.9058,260,2001,2005,20,44.117647058823536,Dfc,ENF,758.646728515625,ameriflux,C3,-1.420916162354578,0.5855692174793865
CA-NS3,-98.3822,55.9117,260,2001,2005,12.444598754835717,27.451320782725848,Dfc,ENF,750.125244140625,ameriflux,C3,1.7499343046248639,0.3431149201015791
CA-NS4,-98.3806,55.9144,260,2001,2005,7,15.441176470588236,Dfc,ENF,750.125244140625,ameriflux,C3,0.7768919023403277,0.5746626501252704
CA-NS5,-98.485,55.8631,260,2001,2005,5,9,Dfc,ENF,741.468994140625,ameriflux,C3,-0.4829890457997698,0.4532819501928985
CA-NS6,-98.9644,55.9167,244,2001,2005,4,6,Dfc,OSH,729.70721435546875,ameriflux,C3,0.7254905296673315,0.42447680367372514
CA-NS7,-99.9483,56.6358,297,2001,2005,0.25,0.5514705882352942,Dfc,OSH,807.2322998046875,ameriflux,C3,-0.19490624614790272,0.5318321840588398
CA-Qcu,-74.036529541015625,49.2670783996582,392,2002,2006,5.5,12.132352941176471,Dfc,ENF,197.24952697753906,plumber,NA,1.6030536539503648,2.2839498693909563
CA-Qfo,-74.3421,49.6925,382,2003,2010,13.8,24,Dfc,ENF,211.28390502929688,ameriflux,C3,1.9854310692209214,1.4809508528701025
CA-SF1,-105.8176,54.485,536,2003,2006,6,12.1,Dfc,ENF,887.1614990234375,ameriflux,C3,2.0023140376206756,0.7540598393291907
CA-SF2,-105.8775,54.2539,520,2001,2006,4,9.144,Dfc,ENF,162.57510375976562,ameriflux,C3,3.5664108452592522,0.577220805052907
CA-SF3,-106.00530242919922,54.09159851074219,540,2003,2005,1,2.2058823529411766,Dfc,OSH,178.11813354492188,plumber,C3,2.752512650184374,0.7205359083433694
CA-TP1,-80.5595,42.6609,265,2002,2017,3.5444444444444443,5.333333333333333,Dfb,ENF,197.84371948242188,ameriflux,C3,10.356352369016788,1.0998928152170746
CA-TP3,-80.3483,42.7068,184,2002,2017,13.299999999999999,29.33823529411765,Dfb,ENF,197.84371948242188,ameriflux,C3,10.21744945903263,1.2862664354453637
CA-TPD,-80.5577,42.6353,260,2012,2017,25.7,56.69117647058824,Dfb,DBF,214.2979278564453,ameriflux,C3,10.61332354349354,1.0673682411709595
CH-Aws,9.790417,46.583306,2014,2006,2020,0.5750000029802322,1.2683823595152182,ET,GRA,218.63607788085938,icos_warmwinter2020,C3,7.084686845233244,1.7626956464397707
CH-Cha,8.410440444946289,47.21022033691406,393,2005,2020,0.5,1.1029411764705883,Cfb,GRA,240.23568725585938,icos_warmwinter2020,C3,11.429130710360532,1.5255244133498271
CH-Dav,9.85591,46.81533,1689,1997,2020,25,55.14705882352941,ET,ENF,223.23182678222656,icos_warmwinter2020,C3,5.549135442340891,1.1102321499510523
CH-Fru,8.537779808044434,47.1158332824707,982,2005,2020,0.5,1.1029411764705883,Cfb,GRA,213.80369567871094,icos_warmwinter2020,C3,8.865263835794986,2.329549425225928
CH-Lae,8.365,47.47808333,645,2004,2020,14.420000076293945,47,Cfb,MF,216.66603088378906,icos_warmwinter2020,C3,8.960637233517652,1.2319371871264582
CH-Oe1,7.731939792633057,47.285831451416016,450,2002,2008,0.5,2,Cfb,GRA,222.75596618652344,plumber,C3,9.897549124146009,1.9772755855925361
CH-Oe2,7.734333333,47.28630556,450,2004,2020,0.8930252772826303,2.0833333333333335,Cfb,CRO,222.75596618652344,icos_warmwinter2020,C3,10.722047100424849,1.585975930923393
CN-Cha,128.09579467773438,42.40250015258789,754,2003,2005,28,61.76470588235294,Dwb,MF,247.13795471191406,plumber,C3,5.809592648754202,0.6914770974688168
CN-Cng,123.50920104980469,44.59339904785156,138,2008,2009,0.75,2,Dwa,GRA,154.80770874023438,plumber,C3,7.840229368052414,0.42682783393017193
CN-Dan,91.06639862060547,30.497800827026367,4751,2004,2005,1,2.0999999046325684,ET,GRA,173.4037628173828,plumber,C3,4.322795846714192,0.5214553665252077
CN-Din,112.53610229492188,23.17329978942871,261,2003,2005,30,66.1764705882353,Cfa,EBF,242.55422973632812,plumber,C3,20.856340458880176,1.519034714960078
CN-Du2,116.28359985351562,42.04669952392578,1331,2007,2008,0.5,1.1029411764705883,Dwb,GRA,166.8404083251953,plumber,C3,4.36991417652367,0.3736896022996101
CN-HaM,101.18000030517578,37.369998931884766,3975,2002,2003,0.30000001192092896,0.6617647321785198,ET,GRA,189.57565307617188,plumber,C3,2.549003748143295,0.7302452592779268
CN-Qia,115.05809783935547,26.74139976501465,64,2003,2005,13,39.599998474121094,Cfa,ENF,228.145263671875,plumber,C3,18.999834910068518,1.363573333581132
CZ-BK1,18.536882,49.502075,875,2004,2020,12.444598754835717,27.451320782725848,Dfb,ENF,259.2153015136719,icos_warmwinter2020,C3,8.072089444139118,1.777240596188475
CZ-KrP,15.078773,49.573257,531,2014,2020,0.8930252772826303,2.9244699090980473,Cfb,CRO,215.42469787597656,icos_warmwinter2020,NA,10.294486790479494,0.9599738650981486
CZ-Lnz,16.946331,48.68155,150,2015,2020,29,60.325,Dfb,MF,218.02980041503906,icos_warmwinter2020,C3,12.39546711621415,0.6825417299077091
CZ-RAJ,16.6965125,49.4437236,628,2012,2020,12.444598754835717,19.085428571428572,Dfb,ENF,240.9299774169922,icos_warmwinter2020,C3,8.936512581690643,1.029933394273228
CZ-Stn,17.9699,49.035975,576,2010,2020,23.183333333333334,51.13970588235294,Dfb,DBF,234.6613311767578,icos_warmwinter2020,C3,9.746286804821548,0.9422225102997314
CZ-wet,14.770350456237793,49.02465057373047,426,2006,2020,1,2.6,Cfb,WET,188.04153442382812,icos_warmwinter2020,C3,10.64272239702385,0.7763128227711371
DE-Akm,13.68341667,53.86616667,-2,2009,2020,2.596904761904762,9.5,Cfb,WET,900.4317626953125,icos_warmwinter2020,C3,10.614350499231684,1.0971034086515739
DE-Bay,11.866939544677734,50.14194107055664,781,1997,1999,25,55.14705882352941,Cfb,ENF,241.64183044433594,plumber,NA,6.794663488629541,2.1574961083398603
DE-Geb,10.91463,51.09973,161.5,2001,2020,1,3.6086923076923076,Cfb,CRO,186.36428833007812,icos_warmwinter2020,C3,11.148483308956552,0.9727387913063134
DE-Gri,13.51259,50.95004,385,2004,2020,0.699999988079071,1.5441176207626568,Cfb,GRA,232.6336669921875,icos_warmwinter2020,C3,10.616357435559959,1.4230167323329737
DE-Hai,10.452089,51.079407,438.7,2000,2020,33,72.79411764705883,Cfb,DBF,190.60711669921875,icos_warmwinter2020,C3,9.007815062629614,1.1941925000540314
DE-HoH,11.22235,52.08656,193,2015,2020,19.4375,42.87683823529412,Cfb,DBF,219.05535888671875,icos_warmwinter2020,C3,10.827203284926554,0.7170186193201866
DE-Hte,12.176111,54.210278,4,2009,2018,2.596904761904762,5.059687523841858,Cfb,WET,208.72718811035156,icos_drought2018,C3,10.342489567906847,1.1809613718483212
DE-Hzd,13.48978,50.96381,395,2010,2020,23.183333333333334,51.13970588235294,Dfb,DBF,226.39588928222656,icos_warmwinter2020,C3,10.640105310727005,1.061906516669079
DE-Kli,13.52238,50.89306,478,2004,2020,1.5,3.5,Cfb,CRO,192.32388305664062,icos_warmwinter2020,C3,9.293830083874727,1.4423365132068775
DE-Meh,10.65546989440918,51.27531051635742,291,2004,2006,1,3,Cfb,MF,190.88877868652344,plumber,NA,9.924455345017066,1.05543040460022
DE-Obe,13.72128963470459,50.786659240722656,734,2008,2020,19,30,Cfb,ENF,232.6336669921875,icos_warmwinter2020,C3,7.4682890505115855,1.8998477816071004
DE-RuR,6.304126,50.621914,514.7,2011,2020,0.47078062298103396,1.038486668340516,Cfb,GRA,246.34127807617188,icos_warmwinter2020,C3,9.268116607798538,1.492628263323465
DE-RuS,6.4471445,50.865906,103.2,2011,2020,0.8930252772826303,2.455,Cfb,CRO,216.4841766357422,icos_warmwinter2020,C3,12.728151228504252,0.8494569242159955
DE-RuW,6.3309627,50.50493,610,2012,2020,15.01866664759318,25.73499988555908,Cfb,ENF,237.6573486328125,icos_warmwinter2020,C3,8.63269658913328,1.810323651362198
DE-Seh,6.449649810791016,50.87062454223633,103,2008,2010,0.800000011920929,2,Cfb,CRO,216.4841766357422,plumber,C3,10.19747185649943,1.3346047171306452
DE-SfN,11.327500343322754,47.80638885498047,590,2013,2014,2,4.300000190734863,Cfb,WET,1114.90185546875,plumber,C3,10.242259695825304,1.318721503746127
DE-Tha,13.56515,50.96256,380,1996,2020,26.5,42,Cfb,ENF,240.72471618652344,icos_warmwinter2020,C3,9.88516778240855,1.1506722198759782
DE-Wet,11.45753002166748,50.45349884033203,703,2002,2006,22,48.529411764705884,Cfb,ENF,235.99951171875,plumber,NA,6.85568481937118,2.367851440605332
DK-Fou,9.587220191955566,56.48419952392578,51,2005,2005,1,3.5,Cfb,CRO,202.92849731445312,plumber,C3,9.357466119353026,1.2544514110359164
DK-Gds,9.3341,56.0737,89,2020,2020,12.444598754835717,19.085428571428572,Dfb,ENF,236.9896697998047,icos_warmwinter2020,C3,8.476463631342966,4.1220771660463225
DK-Lva,12.08329963684082,55.68330001831055,-2493,2005,2006,0.5,1.1029411764705883,Cfb,GRA,207.00318908691406,plumber,NA,9.014476825954807,2.6703371810163157
DK-Ris,12.097220420837402,55.53028106689453,24,2004,2005,1,2,Cfb,CRO,172.05734252929688,plumber,NA,7.726255016901862,2.928960895859379
DK-Sor,11.644645,55.48587,40,1996,2020,25,43.5,Cfb,DBF,166.7314453125,icos_warmwinter2020,C3,9.110810573349303,1.5865937286666238
DK-ZaH,-20.55030059814453,74.47319793701172,38,2000,2013,0.5,1.1029411764705883,ET,GRA,171.7994842529297,plumber,NA,-8.544635166756503,0.5775429801437331
ES-Abr,-6.785881,38.701839,279,2015,2020,8,15,Csa ,SAV,393.9819641113281,icos_warmwinter2020,C3,20.406639869506616,0.32820458565988375
ES-Agu,-2.033208,36.940046,195,2006,2020,1.35,4.275,BSk,OSH,166.910888671875,icos_warmwinter2020,C3,18.803082529800644,0.26882918787066384
ES-Cnd,-3.227659,37.914998,371,2014,2020,2.5,6.400000095367432,Bsk,WSA,488.8213195800781,icos_warmwinter2020,C3,19.642806806297177,0.5813192711060968
ES-ES1,-0.31880998611450195,39.345970153808594,1,1999,2006,7.5,13,Csa,ENF,676.3885131835938,plumber,NA,18.061281364280173,0.5311982120660297
ES-ES2,-0.3152799904346466,39.27555847167969,7,2005,2006,0.5,1.600000023841858,Csa,CRO,673.4434661865234,plumber,NA,18.909522455832523,0.5789435468249144
ES-LJu,-2.752115,36.926594,1622,2004,2020,0.20000000298023224,0.44117647716227704,Csa,OSH,406.2940979003906,icos_warmwinter2020,C3,12.947727144758721,0.6275822600380149
ES-LM1,-5.778683,39.94269,261,2014,2020,8,15,Csa,SAV,341.9933166503906,icos_warmwinter2020,C3,19.40564076230384,0.5451370011686327
ES-LM2,-5.778683,39.94269,261,2014,2020,8,15,Csa,SAV,341.9933166503906,icos_warmwinter2020,C3,19.50064917446702,0.5161768257241396
ES-LMa,-5.773359775543213,39.942691802978516,278,2004,2006,8,15,Csa,SAV,341.9933166503906,plumber,NA,18.046349440696144,0.7168964937249679
ES-LgS,-2.965830087661743,37.09793472290039,2267,2007,2007,0.20000000298023224,0.44117647716227704,Csa,OSH,594.52252197265625,plumber,C3,6.078360936575485,0.41017577057089666
ES-VDA,1.4485000371932983,42.15217971801758,1787,2004,2004,0.5,1.5,Cfb,GRA,193.555419921875,plumber,NA,8.24793714710161,1.3586790098432193
FI-Hyy,24.29477,61.847410000000004,181,1996,2020,14,32.8,Dfc,ENF,243.5284881591797,icos_warmwinter2020,C3,5.031999628061928,1.2379470707644593
FI-Kaa,27.29503059387207,69.14069366455078,159,2000,2002,0.800000011920929,1.7647059086491081,Dfc,WET,209.42454528808594,plumber,NA,0.023848095682784502,2.0924175851930458
FI-Ken,24.24301,67.98721,347,2018,2020,12.444598754835717,19.085428571428572,Dfc,ENF,212.5679473876953,icos_warmwinter2020,C3,1.3148620251093484,3.197524693462152
FI-Let,23.95952,60.64183,125,2009,2020,12.444598754835717,25.7,Dfb,ENF,232.94081115722656,icos_warmwinter2020,C3,6.098136982446656,1.3193402858441954
FI-Lom,24.20918083190918,67.99720001220703,274,2007,2009,0.4000000059604645,0.8823529543245541,Dfc,WET,212.5679473876953,plumber,C3,0.4229734850230186,1.7792960958599782
FI-Qvd,22.391607,60.295242,11,2018,2020,1.9984558823529412,5.7072,Dfb,CRO,184.40321350097656,icos_warmwinter2020,C3,7.8945057985255636,1.8426035925360364
FI-Sii,24.19285,61.83265,160,2016,2020,0.8200000047683715,1.8088235399302315,Dfc,WET,1099.7742919921875,icos_warmwinter2020,C3,5.597366287742534,1.3210492783463672
FI-Sod,26.63783073425293,67.36186218261719,180,2008,2014,12.699999809265137,23,Dfc,ENF,218.66461181640625,plumber,C3,1.3713615222292523,1.7220571435669847
FI-Var,29.61,67.7549,395,2016,2020,12.444598754835717,19.085428571428572,Dfc,ENF,222.59884643554688,icos_warmwinter2020,C3,0.29994067883002484,1.6905349904507412
FR-Aur,1.106103,43.54965,250,2005,2020,0.8930252772826303,2.9244699090980473,Cfb,CRO,225.2197265625,icos_warmwinter2020,C3,15.077776359771756,0.8610262073130054
FR-Bil,-0.95594,44.49389,39,2014,2020,15.01866664759318,25.73499988555908,Cfb,ENF,230.18528747558594,icos_warmwinter2020,C3,15.742843480582486,1.1864547629022495
FR-EM2,3.02065,49.87211,85,2017,2018,0.8930252772826303,2.9244699090980473,Cfb,CRO,157.40341186523438,icos_drought2018,mix,12.366925323326598,0.8441745255902905
FR-FBn,5.67865,43.24079,436,2008,2020,14.420000076293945,27.95,Csa,MF,314.62066650390625,icos_warmwinter2020,C3,15.27776997609833,0.6530362720545946
FR-Fon,2.780096,48.476357,103,2005,2020,24,37,Cfb,DBF,242.46046447753906,icos_warmwinter2020,C3,12.588923826341864,0.8506656618217598
FR-Gri,1.95191,48.84422,125,2004,2020,1,3.4125,Cfb,CRO,252.68057250976562,icos_warmwinter2020,rotation,12.318520876148085,0.9448623817541772
FR-Hes,7.0655598640441895,48.67416000366211,293,1997,2006,13,28.676470588235297,Cfb,DBF,124.46168518066406,plumber,C3,10.43700459356918,1.8110096658794814
FR-LBr,-0.7692999839782715,44.71710968017578,61,2003,2008,20,38,Cfb,ENF,212.5679473876953,plumber,C3,14.446076316316132,1.191663357430779
FR-LGt,2.284102,47.322918,153,2017,2020,2.596904761904762,5.059687523841858,Cfb,WET,278.12701416015625,icos_warmwinter2020,C3,13.17057829335978,0.8952626505788757
FR-Lam,1.2379,43.4965,182,2005,2020,0.8930252772826303,2.9244699090980473,Cfb,CRO,188.0902099609375,icos_warmwinter2020,rotation,14.70298247859959,0.7955658993495897
FR-Lq1,2.735830068588257,45.64305877685547,1066,2004,2006,0.5,2,Cfb,GRA,259.6422119140625,plumber,NA,8.395389904427052,2.0231386750582536
FR-Lq2,2.737030029296875,45.639190673828125,1081,2004,2006,0.5,2,Cfb,GRA,259.6422119140625,plumber,NA,8.395389904427052,2.0218538031958753
FR-Pue,3.595829963684082,43.741390228271484,270,2000,2014,6.5,11,Csa,EBF,260.3506774902344,plumber,C3,14.781709458294772,1.0012735011078682
FR-Tou,1.37474,43.572857,158,2018,2020,0.47078062298103396,1.038486668340516,Cfa,GRA,171.27365112304688,icos_warmwinter2020,NA,15.919701664683979,0.7709156082337946
GF-Guy,-52.9248,5.2787,40,2004,2020,35,58,Af,EBF,530.6138916015625,icos_warmwinter2020,C3,26.482598944706343,1.772622625499132
GL-Dsk,-53.51413,69.25349,8,2020,2020,5.460000002384186,9.059999990463258,ET,SNO,151.00140380859375,icos_warmwinter2020,C3,-1.866115902889038,0
HU-Bug,19.601299285888672,46.69110107421875,106,2003,2006,1,4,Cfb,GRA,191.98248291015625,plumber,NA,11.665757230211844,0.8004155865453573
ID-Pag,113.9000015258789,-2.319999933242798,30,2002,2003,26,41,Af,EBF,269.3514099121094,plumber,NA,27.941945950411856,1.5059433694299476
IE-Ca1,-6.918139934539795,52.85879135131836,72,2004,2006,0.8999999761581421,1.899999976158142,Cfb,CRO,172.05734252929688,plumber,NA,11.463072899719743,1.7907353567495237
IE-Cra,-7.641774,53.32309,59,2020,2020,2.596904761904762,5.059687523841858,Cfb,WET,176.38888549804688,icos_warmwinter2020,C3,10.182158504233847,2.0481056950865586
IE-Dri,-8.751810073852539,51.986690521240234,186,2003,2005,0.5,1.1029411764705883,Cfb,GRA,208.4802703857422,plumber,NA,9.695496009523698,3.3077735642036865
IL-Yat,35.05149841,31.34499931,664,2000,2020,14.08656693689504,22.63080946931385,BSh,ENF,233.7943572998047,icos_warmwinter2020,C3,20.727697933461823,0.17437708614918607
IT-Amp,13.605159759521484,41.90409851074219,991,2003,2006,0.5,1.1029411764705883,Cfa,GRA,337.0481262207031,plumber,NA,10.314022384524076,1.1514398801126275
IT-BCi,14.957444,40.52375,10,2004,2020,1,2.2502127659574467,Csa,CRO,408.5556945800781,icos_warmwinter2020,C4,19.200957013707676,1.0286708698288394
IT-BFt,10.741966,45.197754,23,2019,2020,19.4375,42.87683823529412,Cfa,DBF,383.90167236328125,icos_warmwinter2020,C3,16.035307272197905,1.0520555898267967
IT-CA1,12.026559829711914,42.380409240722656,200,2012,2013,5.5,12.132352941176471,Csa,DBF,364.29302978515625,plumber,C3,17.391524191236435,0.6745233336438873
IT-CA2,12.026040077209473,42.377220153808594,200,2012,2013,0.30000001192092896,0.6617647321785198,Csa,CRO,364.29302978515625,plumber,C3,17.222496502500412,0.6825415631439046
IT-CA3,12.022199630737305,42.380001068115234,197,2012,2013,3.5,7,Csa,DBF,364.29302978515625,plumber,C3,17.004467182162884,0.6720248356092244
IT-Col,13.588139533996582,41.849361419677734,1560,2007,2014,13,25.200000762939453,Cfa,DBF,395.8569641113281,plumber,C3,8.697006049884909,1.2271269160542455
IT-Cp2,12.357293,41.704266,19,2012,2020,28.345454562794078,62.52673800616341,Csa,EBF,499.8299560546875,icos_warmwinter2020,C3,18.3738563760156,0.6306525388804037
IT-Cpz,12.376110076904297,41.70524978637695,68,2001,2008,13,28.676470588235297,Csa,EBF,499.8299560546875,plumber,C3,17.356518049554165,0.6707851875444899
IT-Isp,8.633580207824707,45.81264114379883,210,2013,2014,19,38,Cfb,DBF,227.12704467773438,plumber,C3,14.446903875980299,2.412072953095964
IT-LMa,7.582590103149414,45.15258026123047,350,2003,2004,25,55.14705882352941,Cfb,DBF,228.6939697265625,plumber,NA,15.261585870794168,1.2293403807376742
IT-Lav,11.281319618225098,45.956199645996094,1353,2003,2020,28,61.76470588235294,Cfb,ENF,239.14027404785156,icos_warmwinter2020,C3,8.32629475264842,1.2715522910276948
IT-Lsn,12.750297,45.740482,1,2016,2020,0.20000000298023224,0.44117647716227704,Cfa,OSH,156.6723175048828,icos_warmwinter2020,C3,15.893817267337866,1.1521555329673836
IT-MBo,11.045831,46.01468,1550,2003,2020,0.30000001192092896,0.6617647321785198,Dfb,GRA,227.96392822265625,icos_warmwinter2020,C3,6.565266128329867,1.9671584244313023
IT-Mal,11.703339576721191,46.11402130126953,1610,2003,2003,0.5,1.1029411764705883,ET,GRA,235.1103057861328,plumber,NA,6.123424562833543,3.649517735940008
IT-Noe,8.151689529418945,40.606178283691406,25,2004,2014,1.2000000476837158,3,-,CSH,130.3952178955078,plumber,C3,18.102837000464827,0.4840194179970657
IT-Non,11.091090202331543,44.690189361572266,14,2002,2002,7,13,Cfa,MF,318.0335693359375,plumber,NA,15.459349844568099,2.719688878787285
IT-PT1,9.061039924621582,45.200870513916016,60,2003,2004,26,57.352941176470594,Cfa,DBF,273.28887939453125,plumber,C3,14.400276708204842,0.7259080471393591
IT-Ren,11.43369,46.58686,1735.6,1999,2020,28,61.76470588235294,Dfc,ENF,263.0419006347656,icos_warmwinter2020,C3,5.626812045165006,1.2009153410109943
IT-Ro1,11.930009841918945,42.408119201660156,235,2002,2006,15,33.08823529411765,Csa,DBF,640.0245361328125,plumber,C3,17.12544968939246,0.8050719225164608
IT-Ro2,11.920929908752441,42.3902587890625,160,2002,2008,15,33.08823529411765,Csa,DBF,350.0084533691406,plumber,C3,16.768156575175972,0.7926442648530311
IT-SR2,10.29091,43.73202,4,2013,2020,19,41.911764705882355,Csa,ENF,187.77357482910156,icos_warmwinter2020,C3,16.82028096655243,0.9948802355728085
IT-SRo,10.284440040588379,43.72785949707031,6,2003,2012,16,23.5,Csa,ENF,187.77357482910156,plumber,C3,16.614085122019887,0.8330922437653885
IT-Tor,7.578055,45.84444,2168,2008,2020,0.6142857159887042,2.21,Dfc,GRA,218.556884765625,icos_warmwinter2020,C3,4.875666602016547,1.9405567417210325
JP-SMF,137.07879638671875,35.26169967651367,199,2003,2006,8.100000381469727,19,Cfa,MF,195.4050750732422,plumber,C3,15.751559456398098,1.8193378395732325
MX-Tes,-109.2977,27.8446,460,2004,2008,20.091304347826085,29.886956554910412,Bsh,DBF,501.3836669921875,ameriflux,NA,NA,NA
NL-Ca1,4.927000045776367,51.97100067138672,1,2003,2006,0.5,1.1029411764705883,Cfb,GRA,163.46798706054688,plumber,NA,11.522260877972387,1.2707987432162797
NL-Hor,5.071300029754639,52.24034881591797,2.200000047683716,2008,2011,1,2.2058823529411766,Cfb,GRA,909.8111572265625,plumber,C3,10.81302191065863,1.6626783663834608
NL-Loo,5.74355,52.166447,33,1996,2018,15.5,26,Cfb,ENF,220.64414978027344,icos_drought2018,C3,11.091574818458993,1.0187348769146172
PE-QFR,-73.319,-3.8344,104,2018,2019,1.8565277797645994,5.059807703311627,Af,WET,265.29791259765625,ameriflux,NA,25.88252067077816,2.265384846410788
PL-wet,16.30940055847168,52.76219940185547,55,2004,2005,1,2.5,Cfb,WET,234.3014373779297,plumber,NA,9.069474729361586,0.9374187016068224
PT-Esp,-8.601799964904785,38.639400482177734,90,2002,2004,20,33,Csa,EBF,398.8717346191406,plumber,NA,17.819729550839337,0.5628183724865894
PT-Mi1,-8.000060081481934,38.54064178466797,230,2005,2005,7.300000190734863,29,Csa,EBF,723.00933837890625,plumber,NA,16.690959141066685,0.21772534712855976
PT-Mi2,-8.024550437927246,38.47650146484375,193,2005,2006,0.10000000149011612,0.22058823858113852,Csa,GRA,505.8746032714844,plumber,NA,15.030543064777673,0.5650529473996583
RU-Che,161.3414306640625,68.613037109375,6,2003,2004,0.4000000059604645,0.8823529543245541,Dfc,WET,178.8917999267578,plumber,C3,-7.315679901246997,0.2042301900381212
RU-Fy2,32.901878,56.447603,271,2015,2020,12.444598754835717,19.085428571428572,Dfb,ENF,270.4170227050781,icos_warmwinter2020,C3,6.753964975207188,0.9136023923011727
RU-Fyo,32.922080993652344,56.46152877807617,265,1998,2020,21,46.32352941176471,Dfb,ENF,284.5625915527344,icos_warmwinter2020,C3,6.1719212515271,0.9039673388054524
RU-Zot,89.350799560546875,60.80080032348633,124,2003,2003,12,30,Dfc,WSA,980.288330078125,plumber,NA,-0.8707732998371696,0.6224840473366039
SD-Dem,30.478300094604492,13.282899856567383,500,2005,2009,1.5,2.5,BWh,SAV,128.50904846191406,plumber,C3,29.67294111631785,0.27425147726244736
SE-Deg,19.55654,64.18203,270,2001,2020,0.5,1.7999999523162842,Dfc,WET,266.7126770019531,icos_warmwinter2020,C3,3.021000261461394,1.6116611132970902
SE-Htm,13.41897,56.09763,115,2015,2020,15.01866664759318,25.73499988555908,Cfb,ENF,276.3246154785156,icos_warmwinter2020,C3,9.4026300493004,1.5384813629744216
SE-Lnn,13.10176754,58.34062958,72,2014,2018,1.9984558823529412,5.7072,Dfb,CRO,165.4405975341797,icos_drought2018,C3,8.690575471569488,0.8843850277908096
SE-Nor,17.479504,60.0865,45,2014,2020,12.444598754835717,19.085428571428572,Dfb,ENF,263.8726806640625,icos_warmwinter2020,C3,8.148463014709382,1.015320982673793
SE-Ros,19.738,64.1725,166,2014,2020,12.444598754835717,19.085428571428572,Dfc,ENF,266.7126770019531,icos_warmwinter2020,C3,4.359306262540274,1.5939704176528626
SE-Svb,19.7745,64.25611,267,2014,2020,12.444598754835717,19.085428571428572,Dfc,ENF,274.9810791015625,icos_warmwinter2020,C3,3.6690633163899458,1.4298865564117234
UK-Gri,-3.7980599403381348,56.60721969604492,343,2000,2001,10,15.399999618530273,Cfb,ENF,243.5284881591797,plumber,NA,6.663816219081108,4.570990495111569
UK-Ham,-0.858299970626831,51.15353012084961,76,2004,2004,22,48.529411764705884,Cfb,DBF,156.73458862304688,plumber,NA,11.802304538918014,1.3892533229236612
UK-PL3,-1.2666699886322021,51.45000076293945,104,2005,2006,22,48.529411764705884,Cfb,DBF,154.4820556640625,plumber,NA,15.453350099868352,0.9497399978985773
US-A32,-97.8198,36.8193,335,2015,2017,0.47078062298103396,1.038486668340516,Cfa,GRA,175.78843688964844,ameriflux,NA,18.358431219739376,0.7839723818799349
US-A74,-97.5489,36.8085,337,2015,2017,0.8930252772826303,2.9244699090980473,Cfa,CRO,170.83566284179688,ameriflux,NA,18.436659155355002,0.29518506346055784
US-ALQ,-89.6067,46.0308,515,2015,2023,0.8200000047683715,1.8088235399302315,Dfb,WET,245.2679443359375,ameriflux,NA,6.979557013758278,1.5611206548395862
US-AR1,-99.42,36.4267,611,2009,2012,0.5,1.1029411764705883,Dsa,GRA,150.4324493408203,ameriflux,C4,17.427974072087196,0.6110208400179795
US-AR2,-99.5975,36.6358,646,2009,2012,0.25,0.5514705882352942,Dsa,GRA,150.4324493408203,ameriflux,C4,17.586332227687258,0.5055531284808328
US-ARM,-97.4888,36.6058,314,2003,2023,0.19111111111111112,0.42156862745098045,Cfa,CRO,177.5961456298828,ameriflux,mix,17.433263454950577,0.5755658642578712
US-ARb,-98.0402,35.5497,424,2005,2006,0.1,0.22058823529411767,Cfa,GRA,177.5961456298828,ameriflux,C4,18.180275800004154,0.7321699029145688
US-ARc,-98.04,35.5465,424,2005,2006,0.4,0.8823529411764707,Cfa,GRA,177.5961456298828,ameriflux,C4,17.64511784644486,0.7388490859008521
US-Aud,-110.50920104980469,31.590700149536133,1466,2003,2005,0.5,1.1029411764705883,BSk,GRA,116.93916320800781,plumber,NA,19.43744237679546,0.2529072625564331
US-BRG,-86.5406,39.2167,180,2016,2020,0.47078062298103396,1.038486668340516,Cfa,GRA,217.98565673828125,ameriflux,NA,14.400563683781051,1.5473790308579138
US-BZB,-148.3208,64.6955,100,2011,2022,0.8200000047683715,1.8088235399302315,Dfd,WET,206.7255401611328,ameriflux,NA,-0.714968181787494,0.5600569736281624
US-BZF,-148.3121,64.7013,95,2011,2022,0.8200000047683715,1.8088235399302315,Dfd,WET,225.33798217773438,ameriflux,NA,-0.44135494265881886,0.6520928818219638
US-BZS,-148.3235,64.6963,100,2010,2021,12.444598754835717,19.085428571428572,Dfd,ENF,206.7255401611328,ameriflux,NA,-1.0511885080877326,0.7480298040446595
US-BZo,-148.33,64.6936,100,2018,2022,0.8200000047683715,1.8088235399302315,Dfd,WET,206.7255401611328,ameriflux,NA,-0.5279517728016909,0.6981173106319803
US-Bar,-71.2881,44.0646,272,2004,2022,21,46.32352941176471,Dfb,DBF,267.35455322265625,ameriflux,C3,8.512542506340601,1.4471106381579448
US-Bi1,-121.4993,38.0992,-2.7,2016,2023,0.33983928571428573,0.7496454831932774,Csa,CRO,581.48529052734375,ameriflux,C3,16.7581543084572,0.3413095125906518
US-Bi2,-121.5351,38.1091,-5,2017,2023,2.047814814814815,4.517238562091504,Csa,CRO,731.2584228515625,ameriflux,C4,17.58894204892018,0.2890843606582111
US-Bkg,-96.83616638183594,44.34529113769531,495,2005,2006,1,4,Dfa,GRA,151.6610107421875,plumber,NA,8.980185296287669,1.0736783142287154
US-Blo,-120.63275146484375,38.895301818847656,1315,2000,2006,4.699999809265137,12.5,Csb,ENF,703.89276123046875,plumber,C3,12.608258202338464,1.1649581721414892
US-Bo1,-88.29039764404297,40.00619888305664,217,1997,2006,3,10,Dfa,CRO,192.44219970703125,plumber,NA,12.681620331885894,1.1629752803976154
US-CF1,-117.0821,46.7815,794,2017,2021,1.9984558823529412,5.7072,Dsb,CRO,237.9811248779297,ameriflux,NA,9.575244417800892,0.02904570707544768
US-CF2,-117.0908,46.784,807,2017,2021,1.9984558823529412,5.7072,Dsb,CRO,237.9811248779297,ameriflux,NA,9.738277667914776,0.03387580128499649
US-CF3,-117.1261,46.7551,795,2017,2021,1.9984558823529412,5.7072,Dsb,CRO,238.91134643554688,ameriflux,NA,8.01755844723671,0.04705087747391799
US-CF4,-117.1285,46.7518,795,2017,2021,1.9984558823529412,5.7072,Dsb,CRO,238.91134643554688,ameriflux,NA,9.532365529492301,0.04655332412521725
US-CRT,-83.3471,41.6285,180,2011,2013,0.42375,0.9347426470588236,Dfa,CRO,178.55430603027344,ameriflux,C3,12.350466454246039,0.9846408986402653
US-CS1,-89.5379,44.1031,328,2018,2019,1.9984558823529412,5.7072,Dfa,CRO,167.4001922607422,ameriflux,NA,8.451213926673784,1.4012346118663457
US-CS2,-89.5002,44.1467,328,2018,2022,12.444598754835717,19.085428571428572,Dfa,ENF,167.4001922607422,ameriflux,NA,9.92598406074347,1.18637951361602
US-CS3,-89.5727,44.1394,328,2019,2020,1.9984558823529412,5.7072,Dfa,CRO,140.6266326904297,ameriflux,NA,8.736863949363606,1.6956820046505532
US-CS4,-89.5475,44.1597,328,2020,2021,1.9984558823529412,5.7072,Dfa,CRO,148.46505737304688,ameriflux,NA,9.953275304791788,1.3693417835677593
US-Cop,-109.39,38.09,1520,2001,2007,0.5,1.6500000000000001,BSk,GRA,112.42068481445312,ameriflux,mix,12.961750460234155,0.13413248885064266
US-DFC,-89.7117,43.3448,264.9,2018,2022,1.9984558823529412,5.7072,Dfb,CRO,184.63092041015625,ameriflux,NA,10.824505145881025,1.038103064474057
US-EDN,-122.114,37.6156,-2,2018,2019,2.596904761904762,5.059687523841858,Csa,WET,140.86151123046875,ameriflux,NA,15.891933542058805,0.20396713988619106
US-EML,-149.2536,63.8784,662,2008,2020,1.3583333338300387,2.9963235305074387,ET,OSH,179.97842407226562,ameriflux,NA,0.09100942665905548,1.2682792716156202
US-FPe,-105.10189819335938,48.307701110839844,638,2000,2006,0.30000001192092896,0.6617647321785198,BSk,GRA,142.2996063232422,plumber,NA,7.422961303593455,0.609445669851703
US-Fcr,-148.9348,65.3968,265,2011,2014,1.75,3.860294117647059,Dwc,OSH,215.51193237304688,ameriflux,NA,-2.0720793765375647,0.7025784148178692
US-Fmf,-111.7273,35.1426,2160,2005,2010,15.01866664759318,25.73499988555908,Csb,ENF,331.1567687988281,ameriflux,C3,11.421460443042092,0.5052709347688249
US-Fuf,-111.762,35.089,2180,2005,2010,15.01866664759318,25.73499988555908,Csb,ENF,332.4958190917969,ameriflux,C3,10.85357190072828,0.5422274333634399
US-GLE,-106.2399,41.3665,3197,1999,2020,9.725,22.65,Dfc,ENF,215.2929229736328,ameriflux,C3,1.1413898428602725,1.658192002537414
US-Goo,-89.87349700927734,34.25469970703125,87,2004,2006,0.30000001192092896,0.6617647321785198,Cfa,GRA,218.48974609375,plumber,NA,18.737177053256296,1.7562769508245135
US-HB1,-79.1957,33.3455,0.1,2019,2022,2.596904761904762,5.059687523841858,Cfa,WET,234.47149658203125,ameriflux,NA,23.32127878837172,0.8902524365526867
US-HWB,-77.8488,40.8608,378,2015,2018,19.149629630424357,31.877058812309713,Dfb,CVM,214.00485229492188,ameriflux,NA,12.132163757621761,0.9179928887538515
US-Ha1,-72.1715,42.5378,340,1991,2023,25.4,56.029411764705884,Dfb,DBF,264.8782958984375,ameriflux,C3,9.164803342450528,0.7716479243072701
US-Hn2,-119.4641,46.6889,117.5,2015,2018,1.1833333240614996,2.6102940971944846,Bsk,GRA,148.46505737304688,ameriflux,NA,14.37111142291979,0.06766553671984997
US-Hn3,-119.4614,46.6878,120.9,2017,2018,1.35,4.275,Bsk,OSH,148.46505737304688,ameriflux,NA,14.726440210645848,0.01704031724467555
US-Ho1,-68.74019622802734,45.2041015625,60,1996,2004,20,44.117647058823536,Dfb,ENF,227.1626434326172,plumber,C3,7.799433481099386,1.481980050583279
US-Ho2,-68.747,45.2091,61,1999,2020,12.444598754835717,19.085428571428572,Dfb,ENF,227.1626434326172,ameriflux,NA,8.263506113951989,0.9985782046027137
US-ICh,-149.2958,68.6068,940,2007,2021,1.3583333338300387,2.9963235305074387,ET,OSH,163.27200317382812,ameriflux,NA,-6.336985694701234,1.5210269707792892
US-ICs,-149.311,68.6058,920,2007,2022,1.8565277797645994,5.059807703311627,ET,WET,163.27200317382812,ameriflux,NA,-7.088999637987244,1.3020691840941916
US-ICt,-149.3041,68.6063,930,2007,2022,1.3583333338300387,2.9963235305074387,ET,OSH,163.27200317382812,ameriflux,NA,-4.031429109262719,0.9893838687678852
US-Jo1,-106.635,32.582,1188,2010,2020,1.35,4.275,Bwk,OSH,129.5244598388672,ameriflux,NA,19.6546484678807,0.20771897328763472
US-Jo2,-106.6032,32.5849,1469,2010,2020,1.35,4.275,Bwk,OSH,129.5244598388672,ameriflux,NA,19.539609677780753,0.22243170902528028
US-KFS,-95.1907,39.0561,310,2007,2019,0.47078062298103396,1.038486668340516,Cfa,GRA,201.5957489013672,ameriflux,mix,14.454370469446214,0.6233345368945573
US-KLS,-97.5684,38.7745,373,2012,2019,0.47078062298103396,1.038486668340516,Cfa,GRA,180.57630920410156,ameriflux,NA,15.215348923889147,0.3791352200516332
US-KS2,-80.6715316772461,28.608577728271484,3,2003,2006,2,3.5,Cfa,CSH,216.80166625976562,plumber,C3,22.292847246918775,0.767812583486659
US-KS3,-80.7427,28.7084,0,2018,2019,2.596904761904762,5.059687523841858,Cfa,WET,194.88784790039062,ameriflux,NA,NA,NA
US-Los,-89.97920227050781,46.082698822021484,480,2000,2008,2,4.411764705882353,Dfb,WET,240.2236328125,plumber,C3,6.798510014598412,1.21639718359462
US-MMS,-86.4131,39.3232,275,1999,2023,26,46,Cfa,DBF,301.7260437011719,ameriflux,C3,13.139643062772143,0.5706825777073553
US-MOz,-92.2,38.7441,219.4,2004,2021,24,52.94117647058824,Cfa,DBF,282.50311279296875,ameriflux,NA,14.628430042184988,0.8268306255843358
US-Me1,-121.5,44.5794,896,2004,2005,7.2,15.882352941176473,Csb,ENF,163.21633911132812,ameriflux,C3,11.25442219955282,0.1789981174558513
US-Me2,-121.5589,44.4526,1253,2002,2023,15.663333333333332,33,Csb,ENF,267.2327575683594,ameriflux,C3,8.960775901756318,0.5110593657317366
US-Me3,-121.6078,44.3154,1005,2004,2009,3.11,12,Csb,ENF,252.30335998535156,ameriflux,C3,11.005801320015042,0.40619798365477405
US-Me4,-121.62239837646484,44.49919891357422,922,1996,2000,20,47,Csb,ENF,265.85003662109375,plumber,C3,9.710467387657141,0.9016826477266394
US-Me6,-121.60780334472656,44.323299407958984,998,2011,2014,5.199999809265137,14,Csb,ENF,252.30335998535156,plumber,C3,10.266700804912537,0.4237901414384095
US-Mpj,-106.2377,34.4385,2196,2008,2023,2.5,6.400000095367432,Bsk,WSA,116.93916320800781,ameriflux,C3,12.603247051803901,0.29988681462764266
US-Myb,-121.765,38.0499,-4,2010,2021,2.3953333333333333,4.3375,Csa,WET,1060.3604736328125,ameriflux,C3,17.066590151452857,0.22316476902083093
US-NC1,-76.7119,35.8118,5,2005,2012,15.01866664759318,25.73499988555908,Cfa,ENF,201.27224731445312,ameriflux,NA,17.819672013137335,1.06677988167609
US-NC4,-75.9038,35.7879,1,2009,2021,2.596904761904762,5.059687523841858,Cfa,WET,980.216064453125,ameriflux,NA,18.482193523364455,0.8815269510493472
US-NGB,-156.6092,71.28,5.273,2012,2023,5.460000002384186,9.059999990463258,ET,SNO,206.6813201904297,ameriflux,NA,-7.1175743397433235,1.0462692187569207
US-NGC,-163.7002,64.8618,35,2017,2023,0.5750000029802322,1.2683823595152182,ET,GRA,192.31407165527344,ameriflux,NA,1.35551615332875,2.050278270819314
US-NR1,-105.5464,40.0329,3050,1998,2022,13.433333333333334,21.5,Dfc,ENF,214.3060302734375,ameriflux,C3,3.3193707687263605,0.6653628341615099
US-Ne1,-96.4766,41.1651,361,2001,2023,1.568529411764706,4.5360000000000005,Dfa,CRO,180.2693328857422,ameriflux,C4,12.21120106644616,0.41994805774599286
US-Ne2,-96.47010040283203,41.16490173339844,362,2002,2012,2.5,6,Dfa,CRO,180.2693328857422,plumber,rotation,12.151670354595407,0.4539775332657383
US-Ne3,-96.439697265625,41.1796989440918,363,2002,2012,2.5,6,Dfa,CRO,176.10858154296875,plumber,rotation,12.250046810435776,0.3743201962245724
US-ONA,-81.9509,27.3836,25,2016,2021,0.47078062298103396,1.038486668340516,Cfa,GRA,180.33090209960938,ameriflux,NA,25.121382418857248,0.6448249393178405
US-ORv,-83.0183,40.0201,221,2011,2016,8,17.647058823529413,Cfa,WET,201.18429565429688,ameriflux,C3,13.234810552584408,1.5542500507871886
US-OWC,-82.5125,41.3795,174,2015,2023,0.8200000047683715,1.8088235399302315,Dfb,WET,201.18429565429688,ameriflux,C3,15.405496032896329,0.7385532702081581
US-PFa,-90.27230072021484,45.945899963378906,470,1995,2014,30,66.1764705882353,Dfb,MF,247.0664825439453,plumber,C3,6.816276547404664,0.49503603560145115
US-Prr,-147.4875946044922,65.12370300292969,210,2011,2013,7,16,Dfc,ENF,174.20944213867188,plumber,C3,-1.9775154490306868,0.5495140545727687
US-Rms,-116.7486,43.0645,2111,2014,2022,1.600000023841858,3.25,Bsh,CSH,252.38662719726562,ameriflux,C3,6.589889639454513,0.500533967517149
US-Ro1,-93.0898,44.7143,290,2004,2016,1.9984558823529412,5.7072,Dfa,CRO,167.1226043701172,ameriflux,rotation,8.887798315986267,1.0583897929458599
US-Ro4,-93.0723,44.6781,274,2014,2023,0.6142857159887042,1.3550420205633182,Dfa,GRA,184.52117919921875,ameriflux,C4,9.240959210605743,1.2576076536138445
US-Ro5,-93.0576,44.691,283,2017,2023,1.9984558823529412,5.7072,Dfa,CRO,184.52117919921875,ameriflux,rotation,8.330848401660473,1.2663821881183137
US-Ro6,-93.0578,44.6946,282,2017,2023,1.9984558823529412,5.7072,Dfa,CRO,184.52117919921875,ameriflux,rotation,8.515932459137396,1.1525509536163907
US-Rwe,-116.7591,43.0653,2098,2003,2007,1.600000023841858,3.25,Bsh,CSH,234.31570434570312,ameriflux,NA,6.410903362238184,0.47007166302785386
US-Rwf,-116.7231,43.1207,1878,2014,2022,1.600000023841858,3.25,Bsh,CSH,175.78843688964844,ameriflux,NA,7.97720010279038,0.5773694647857938
US-Rws,-116.7132,43.1675,1425,2014,2022,1.35,4.275,Bsk,OSH,168.28204345703125,ameriflux,C3,11.561195328876392,0.6605013179229939
US-SP1,-82.2187728881836,29.738069534301758,47,2005,2005,22,48.529411764705884,Cfa,ENF,207.4181671142578,plumber,NA,21.460814358886754,0.05076632727830633
US-SP2,-82.24481964111328,29.764799118041992,46,2000,2004,1,2.2058823529411766,Cfa,ENF,201.331787109375,plumber,NA,22.2682264283,1.016486755072155
US-SP3,-82.16327667236328,29.754770278930664,36,1999,2004,10,15,Cfa,EBF,203.79698181152344,plumber,NA,20.836497205484747,0.9858153523409693
US-SRC,-110.8395,31.9083,950,2008,2014,1.7,3.75,Bwh,OSH,103.87995147705078,ameriflux,C3,22.763074025229884,0.24788356013206836
US-SRG,-110.82769775390625,31.789400100708008,1291,2009,2014,1,3.25,BSk,GRA,180.19216918945312,plumber,C4,21.287094954433083,0.24802916419684734
US-SRM,-110.86599731445312,31.821399688720703,1120,2004,2014,2.5,6.400000095367432,BSk,WSA,129.5244598388672,plumber,C3,21.481786744533192,0.22237275419646688
US-Seg,-106.702,34.3623,1596,2007,2023,1.1833333240614996,2.6102940971944846,Bsk,GRA,116.93916320800781,ameriflux,mix,16.03342334866673,0.2662535329820279
US-Ses,-106.7442,34.3349,1604,2007,2023,1.35,4.275,Bsk,OSH,116.93916320800781,ameriflux,C3,16.25561059879148,0.15690104501764968
US-Sne,-121.7547,38.0369,-5,2016,2020,0.47078062298103396,1.038486668340516,Csa,GRA,1060.3604736328125,ameriflux,NA,17.153595722861255,0.2749874734259671
US-Snf,-121.7272,38.0402,-4,2018,2020,0.47078062298103396,1.038486668340516,Csa,GRA,809.80303955078125,ameriflux,NA,17.723924724379252,0.22772576841635597
US-Syv,-89.34770202636719,46.242000579833984,540,2002,2008,27,59.55882352941177,Dfb,MF,250.609375,plumber,C3,5.401930889782085,1.0292926674677005
US-Ton,-120.96600341796875,38.43159866333008,177,2001,2014,7.099999904632568,23,Csa,WSA,365.8648986816406,plumber,C3,18.528911200410334,0.4691995837641076
US-Tw1,-121.6469,38.1074,-5,2011,2022,3.283,7.241911764705883,Csa,WET,752.917236328125,ameriflux,C3,17.723996667043444,0.2846457383552634
US-Tw2,-121.6365,38.0969,-5,2012,2013,1.8058333333333334,5.15,Csa,CRO,622.1810302734375,ameriflux,C4,17.75562990319396,0.2486465742677599
US-Tw3,-121.6469,38.1152,-4,2013,2018,0.29683116883116883,0.6547746371275783,Csa,CRO,752.917236328125,ameriflux,C3,18.542213709825624,0.2352408641337668
US-Tw4,-121.64132690429688,38.102745056152344,-5,2014,2014,0.5,1.1029411764705883,Csa,WET,752.917236328125,plumber,C3,18.46368912668341,0.2969217415849339
US-Tw5,-121.6426,38.1072,-5,2018,2020,2.596904761904762,5.059687523841858,Csa,WET,752.917236328125,ameriflux,NA,17.21033531244766,0.3854243030934889
US-Twt,-121.6530990600586,38.108699798583984,-7,2010,2014,0.5,1.1029411764705883,Csa,CRO,778.41546630859375,plumber,C3,17.166407401178933,0.33644395507219044
US-UM3,-84.6707,45.568600000000004,234,2013,2014,19.149629630424357,31.877058812309713,Dfb,WAT,269.7417297363281,ameriflux,NA,15.579507262943672,0.8135465357718664
US-UMB,-84.71379852294922,45.55979919433594,234,2000,2014,20,50,Dfb,DBF,272.099609375,plumber,C3,7.852096683129582,0.40270916564872644
US-UMd,-84.6975,45.5625,239,2007,2023,23,50.735294117647065,Dfb,DBF,269.7417297363281,ameriflux,C3,8.135338182515714,1.170080924811739
US-Var,-120.9508,38.4133,129,2000,2023,0.28639307366101696,0.6317494271934199,Csa,GRA,365.8648986816406,ameriflux,C3,18.796746799247664,0.6074114389025165
US-WCr,-90.07990264892578,45.80590057373047,520,1999,2006,24,52.94117647058824,Dfb,DBF,256.2208557128906,plumber,C3,6.646183781929498,1.0349434449712933
US-Whs,-110.0522,31.7438,1370,2007,2023,1,2.2058823529411766,Bsk,OSH,129.5244598388672,ameriflux,C3,20.496171935579593,0.25937194465016117
US-Wjs,-105.8615,34.4255,1931,2007,2023,8.333333333333334,16.28333346048991,Bsk,SAV,130.78665161132812,ameriflux,C3,14.616515205872586,0.281314931936075
US-Wkg,-109.9419,31.7365,1531,2004,2023,0.5,1.1029411764705883,Bsk,GRA,129.5244598388672,ameriflux,C4,19.41833229123068,0.3019411279943816
US-xAE,-99.0588,35.4106,516,2017,2022,0.47078062298103396,1.038486668340516,Cfa,GRA,162.32815551757812,ameriflux,NA,17.109516182958295,1.2292435888969873
US-xBR,-71.2873,44.0639,232,2017,2022,23.183333333333334,51.13970588235294,Dfb,DBF,267.35455322265625,ameriflux,NA,8.34400718597309,1.5734381005546807
US-xCL,-97.57,33.4012,259,2017,2022,0.47078062298103396,1.038486668340516,Cfa,GRA,262.47039794921875,ameriflux,NA,19.268201752813223,0.4452642910899786
US-xCP,-104.7456,40.8155,1654,2016,2022,1.1833333240614996,2.6102940971944846,Bsk,GRA,154.60704040527344,ameriflux,NA,11.214305875347504,0.5144465079261448
US-xDC,-99.1066,47.1617,559,2017,2022,0.6142857159887042,1.3550420205633182,Dfb,GRA,180.29917907714844,ameriflux,NA,5.59566325157418,0.5748831108772082
US-xDL,-87.8039,32.5417,22,2017,2022,14.420000076293945,27.95,Cfa,MF,331.8777770996094,ameriflux,NA,19.72974897054658,1.0247426177187722
US-xDS,-81.4362,28.125,15,2017,2022,10.754555575225089,17.322499961853026,Cfa,CVM,208.39425659179688,ameriflux,NA,24.148504000776736,0.9153555582300543
US-xGR,-83.5019,35.689,579,2017,2022,19.4375,42.87683823529412,Cfa,DBF,250.9209442138672,ameriflux,NA,15.331428358939547,1.2369768619171078
US-xHA,-72.1727,42.5369,351,2017,2022,23.183333333333334,51.13970588235294,Dfb,DBF,264.8782958984375,ameriflux,NA,9.206256529661044,1.7401803522432908
US-xHE,-149.2133,63.8757,705,2017,2022,1.3583333338300387,2.9963235305074387,ET,OSH,185.0770263671875,ameriflux,NA,-0.5596064123374412,0.8314452739193311
US-xJE,-84.4686,31.1948,44,2017,2022,15.01866664759318,25.73499988555908,Cfa,ENF,219.1702117919922,ameriflux,NA,21.066518884313798,0.9770672459412015
US-xKA,-96.6129,39.1104,1329,2017,2022,0.47078062298103396,1.038486668340516,Cfa,GRA,199.30667114257812,ameriflux,NA,15.33613675015801,0.909814656179288
US-xKZ,-96.5631,39.1008,381,2017,2022,0.47078062298103396,1.038486668340516,Cfa,GRA,188.92332458496094,ameriflux,NA,13.945786957808373,0.64359273901147
US-xMB,-109.3883,38.2483,1767,2017,2022,1.35,4.275,Bsk,OSH,111.3000717163086,ameriflux,NA,13.456288999904395,0.21189266675896254
US-xML,-80.5248,37.3783,1126,2017,2022,23.183333333333334,51.13970588235294,Dfb,DBF,252.33285522460938,ameriflux,NA,10.054625415536893,2.073116271492332
US-xNG,-100.9154,46.7697,578,2017,2022,0.6142857159887042,1.3550420205633182,Dfb,GRA,122.67118072509766,ameriflux,NA,6.808917519058197,0.1795435624842014
US-xNQ,-112.4524,40.1776,1685,2017,2022,1.75,3.860294117647059,Dfb,OSH,130.78665161132812,ameriflux,NA,12.098692016656043,0.2871551229955004
US-xRM,-105.5459,40.2759,2743,2017,2022,12.444598754835717,19.085428571428572,Dfc,ENF,209.92234802246094,ameriflux,NA,6.280787564452916,0.32567730367391223
US-xSB,-81.9934,29.6893,45,2017,2022,15.01866664759318,25.73499988555908,Cfa,ENF,188.64691162109375,ameriflux,NA,22.411849166418158,1.1164273080229699
US-xSE,-76.56,38.8901,15,2017,2022,19.4375,42.87683823529412,Cfa,DBF,226.0938262939453,ameriflux,NA,14.962384898441815,1.454802356185163
US-xSR,-110.8355,31.9107,983,2017,2022,1.35,4.275,Bsk,OSH,103.87995147705078,ameriflux,NA,22.746022004236192,0.2634293457311317
US-xST,-89.5864,45.5089,481,2017,2022,23.183333333333334,51.13970588235294,Dfb,DBF,247.0664825439453,ameriflux,NA,6.4148894172058855,1.0531883376118312
US-xTA,-87.3933,32.9505,135,2017,2022,15.01866664759318,25.73499988555908,Cfa,ENF,416.7712097167969,ameriflux,NA,18.788753122720774,1.2017734096140953
US-xTR,-89.5857,45.4937,472,2017,2022,23.183333333333334,51.13970588235294,Dfb,DBF,248.40341186523438,ameriflux,NA,6.566857950101732,1.033943767632579
US-xUK,-95.1921,39.0404,335,2017,2022,19.4375,42.87683823529412,Cfa,DBF,203.55145263671875,ameriflux,NA,13.797858645877442,1.0130604659018907
US-xUN,-89.5373,46.2339,518,2017,2022,29,60.325,Dfb,MF,238.82179260253906,ameriflux,NA,5.7156990485290216,1.0234062339121146
US-xYE,-110.5391,44.9535,2116,2018,2022,12.444598754835717,19.085428571428572,Dfc,ENF,183.6102752685547,ameriflux,NA,4.2438760849601564,0.6005374228635544
ZA-Kru,31.49690055847168,-25.019699096679688,359,2000,2002,12,26.47058823529412,BSh,SAV,254.30386352539062,plumber,NA,22.902949111809733,0.5107721039816867
ZM-Mon,23.25278091430664,-15.43777847290039,1053,2008,2008,12,33,Aw,DBF,422.2993469238281,plumber,C3,24.373264655223725,0.43782820676071654
